ma_kh,thang_gan_nhat,tong_chi_tieu,so_don,so_ticket_ho_tro,kenh_ua_thich,tinh_tp,roi_bo
KH00001,15.2,2691000.0,3,3,Cửa hàng,Hà Nội,0
KH00002,9.5,8262000.0,5,0,Online,Đồng Nai,0
KH00003,11.9,10198000.0,6,3,Cửa hàng,Hà Nội,1
KH00004,8.1,12981000.0,9,3,Cửa hàng,Hà Nội,0
KH00005,13.3,5450000.0,4,3,Online,Khánh Hòa,0
KH00006,1.7,2758000.0,6,1,Online,TP. Hồ Chí Minh,0
KH00007,16.8,3675000.0,7,0,Cửa hàng,Hà Nội,1
KH00008,13.6,19872000.0,11,3,Online,Cần Thơ,0
KH00009,6.7,6971000.0,7,3,Online,Khánh Hòa,0
KH00010,5.9,8017000.0,5,3,Online,Bình Dương,1
KH00011,21.1,6976000.0,8,2,Online,Cần Thơ,0
KH00012,14.3,6289000.0,6,1,Cửa hàng,Khánh Hòa,1
KH00013,20.5,6382000.0,2,0,Online,Đà Nẵng,0
KH00014,18.0,9197000.0,2,2,Online,Lâm Đồng,1
KH00015,17.0,15537000.0,7,1,Online,Bình Dương,0
KH00016,24.5,2693000.0,15,0,Online,Cần Thơ,0
KH00017,10.6,1802000.0,6,0,Online,TP. Hồ Chí Minh,0
KH00018,16.3,10586000.0,6,2,Cửa hàng,Khánh Hòa,0
KH00019,19.0,4925000.0,7,2,Cửa hàng,Cần Thơ,0
KH00020,14.3,4664000.0,8,1,Cửa hàng,Khánh Hòa,0
KH00021,14.9,14467000.0,7,2,Online,Bình Dương,0
KH00022,2.6,4622000.0,7,0,Cửa hàng,Đồng Nai,0
KH00023,12.9,2159000.0,11,2,Online,TP. Hồ Chí Minh,0
KH00024,7.1,2574000.0,6,2,Cửa hàng,Lâm Đồng,0
KH00025,24.8,7857000.0,4,0,Online,Đà Nẵng,0
KH00026,15.1,3828000.0,5,3,Online,Đà Nẵng,1
KH00027,9.0,6525000.0,9,1,Cửa hàng,Đồng Nai,0
KH00028,23.6,2380000.0,4,0,Online,Hà Nội,1
KH00029,2.3,4126000.0,3,3,Cửa hàng,TP. Hồ Chí Minh,1
KH00030,12.3,10022000.0,10,2,Online,Bình Dương,0
KH00031,16.9,5571000.0,5,0,Cửa hàng,Đồng Nai,0
KH00032,0.0,4079000.0,3,0,Online,Đồng Nai,0
KH00033,18.1,6900000.0,6,0,Online,Khánh Hòa,0
KH00034,14.6,6348000.0,5,2,Online,Cần Thơ,1
KH00035,6.6,4456000.0,2,1,Online,Hà Nội,0
KH00036,28.7,11063000.0,9,1,Cửa hàng,TP. Hồ Chí Minh,1
KH00037,4.0,4062000.0,1,0,Online,Khánh Hòa,1
KH00038,12.0,2166000.0,4,1,Cửa hàng,Cần Thơ,0
KH00039,6.9,6931000.0,6,3,Online,TP. Hồ Chí Minh,0
KH00040,15.8,2386000.0,7,3,Online,Bình Dương,1
KH00041,8.3,11363000.0,6,1,Cửa hàng,Lâm Đồng,0
KH00042,10.1,9760000.0,5,2,Online,Lâm Đồng,0
KH00043,7.4,11507000.0,2,2,Cửa hàng,Đồng Nai,0
KH00044,7.9,10334000.0,5,0,Online,TP. Hồ Chí Minh,0
KH00045,17.7,5416000.0,3,2,Online,Khánh Hòa,1
KH00046,12.8,6061000.0,7,1,Cửa hàng,Bình Dương,0
KH00047,7.9,4783000.0,4,2,Cửa hàng,TP. Hồ Chí Minh,1
KH00048,14.1,8372000.0,4,0,Online,Bình Dương,0
KH00049,8.5,6054000.0,3,1,Cửa hàng,Bình Dương,0
KH00050,19.2,5276000.0,10,1,Online,Đồng Nai,0
KH00051,12.9,8339000.0,9,1,Online,Lâm Đồng,0
KH00052,15.8,1966000.0,11,1,Cửa hàng,TP. Hồ Chí Minh,0
KH00053,8.2,3337000.0,8,0,Cửa hàng,Hà Nội,0
KH00054,4.3,11150000.0,7,2,Cửa hàng,Hà Nội,0
KH00055,7.0,3206000.0,5,2,Cửa hàng,Lâm Đồng,0
KH00056,16.5,9839000.0,4,2,Online,Đà Nẵng,0
KH00057,5.9,7361000.0,15,2,Cửa hàng,Đà Nẵng,0
KH00058,16.8,4919000.0,6,2,Online,Cần Thơ,0
KH00059,35.2,5510000.0,7,2,Cửa hàng,Đồng Nai,1
KH00060,19.1,8609000.0,7,3,Cửa hàng,Hà Nội,0
KH00061,26.4,7938000.0,2,3,Online,Khánh Hòa,0
KH00062,10.0,2091000.0,5,2,Online,Hà Nội,1
KH00063,14.0,9899000.0,7,0,Online,Đà Nẵng,0
KH00064,15.7,2691000.0,4,0,Online,Khánh Hòa,1
KH00065,10.4,11577000.0,8,0,Online,Khánh Hòa,0
KH00066,18.9,2431000.0,8,2,Online,Cần Thơ,1
KH00067,7.7,8182000.0,8,2,Online,Lâm Đồng,1
KH00068,21.7,5825000.0,5,2,Online,Đồng Nai,1
KH00069,21.1,3227000.0,6,2,Cửa hàng,Lâm Đồng,0
KH00070,8.0,3194000.0,3,0,Cửa hàng,Đồng Nai,0
KH00071,12.7,5782000.0,8,1,Online,Khánh Hòa,0
KH00072,16.0,14723000.0,6,1,Cửa hàng,Đà Nẵng,0
KH00073,8.5,5530000.0,8,3,Online,Đà Nẵng,1
KH00074,12.3,2377000.0,6,0,Online,Hà Nội,1
KH00075,23.5,9977000.0,5,0,Online,Hà Nội,0
KH00076,16.5,4442000.0,7,3,Cửa hàng,Hà Nội,0
KH00077,7.6,5646000.0,8,2,Online,Lâm Đồng,0
KH00078,9.9,5190000.0,4,2,Cửa hàng,Hà Nội,1
KH00079,13.6,8661000.0,6,0,Online,TP. Hồ Chí Minh,0
KH00080,13.2,6875000.0,2,0,Cửa hàng,Cần Thơ,0
KH00081,7.5,7925000.0,2,2,Online,Bình Dương,0
KH00082,8.1,2457000.0,7,1,Online,Hà Nội,0
KH00083,22.3,3509000.0,6,2,Cửa hàng,Hà Nội,0
KH00084,14.9,5737000.0,8,0,Cửa hàng,Khánh Hòa,1
KH00085,20.2,6799000.0,7,1,Online,TP. Hồ Chí Minh,0
KH00086,2.8,13508000.0,5,0,Cửa hàng,Bình Dương,0
KH00087,17.2,10069000.0,8,0,Cửa hàng,Bình Dương,0
KH00088,3.2,9813000.0,5,1,Cửa hàng,Cần Thơ,0
KH00089,0.0,1314000.0,0,1,Cửa hàng,Hà Nội,0
KH00090,16.3,3928000.0,8,2,Online,Hà Nội,1
KH00091,20.6,18737000.0,9,0,Cửa hàng,Đà Nẵng,0
KH00092,9.0,3382000.0,5,1,Online,Lâm Đồng,1
KH00093,14.6,14490000.0,10,0,Online,TP. Hồ Chí Minh,0
KH00094,32.6,6613000.0,11,3,Online,Đà Nẵng,1
KH00095,10.4,5951000.0,6,2,Online,Lâm Đồng,0
KH00096,3.1,2305000.0,5,2,Online,TP. Hồ Chí Minh,0
KH00097,12.6,8135000.0,5,3,Online,Cần Thơ,0
KH00098,25.7,3897000.0,7,0,Online,Lâm Đồng,0
KH00099,9.8,6060000.0,4,3,Online,Khánh Hòa,1
KH00100,15.5,15118000.0,9,1,Online,Đà Nẵng,0
KH00101,16.8,2661000.0,7,0,Online,Cần Thơ,0
KH00102,11.4,4920000.0,11,0,Online,Đà Nẵng,0
KH00103,10.2,17584000.0,5,2,Online,Khánh Hòa,0
KH00104,10.8,3414000.0,5,1,Online,TP. Hồ Chí Minh,0
KH00105,15.7,4359000.0,6,0,Online,TP. Hồ Chí Minh,0
KH00106,9.0,7052000.0,5,2,Online,Bình Dương,0
KH00107,17.8,1445000.0,3,3,Online,TP. Hồ Chí Minh,1
KH00108,20.6,3885000.0,7,0,Online,Đồng Nai,0
KH00109,16.2,4815000.0,3,0,Online,Đà Nẵng,0
KH00110,16.7,11764000.0,8,1,Cửa hàng,Bình Dương,0
KH00111,8.6,4559000.0,4,0,Online,Đồng Nai,0
KH00112,9.5,10274000.0,7,1,Online,Đồng Nai,0
KH00113,18.9,2296000.0,11,1,Online,Đà Nẵng,1
KH00114,23.2,4650000.0,8,3,Cửa hàng,Cần Thơ,1
KH00115,10.9,3114000.0,6,2,Online,Bình Dương,0
KH00116,0.7,2910000.0,4,3,Online,Lâm Đồng,0
KH00117,13.5,7347000.0,6,3,Online,Lâm Đồng,0
KH00118,29.1,4052000.0,2,2,Cửa hàng,Đồng Nai,1
KH00119,20.1,3150000.0,7,0,Online,Lâm Đồng,0
KH00120,9.8,2255000.0,5,0,Cửa hàng,TP. Hồ Chí Minh,0
KH00121,21.4,1429000.0,5,0,Online,Đồng Nai,0
KH00122,23.0,11101000.0,3,1,Online,Cần Thơ,1
KH00123,5.1,3698000.0,3,2,Online,Cần Thơ,1
KH00124,10.4,1563000.0,9,0,Online,Cần Thơ,0
KH00125,8.4,3450000.0,8,2,Online,TP. Hồ Chí Minh,0
KH00126,22.7,2824000.0,5,2,Online,Lâm Đồng,0
KH00127,15.5,4986000.0,4,2,Online,TP. Hồ Chí Minh,0
KH00128,23.3,8151000.0,9,0,Online,Khánh Hòa,0
KH00129,7.2,4471000.0,4,2,Online,Khánh Hòa,1
KH00130,9.8,18536000.0,6,1,Cửa hàng,TP. Hồ Chí Minh,0
KH00131,9.2,9727000.0,9,1,Cửa hàng,TP. Hồ Chí Minh,0
KH00132,5.7,2008000.0,5,2,Online,Đồng Nai,0
KH00133,23.8,6449000.0,7,1,Online,Bình Dương,0
KH00134,5.4,10716000.0,5,3,Cửa hàng,Đồng Nai,0
KH00135,0.8,7137000.0,5,0,Cửa hàng,Đồng Nai,0
KH00136,16.1,2309000.0,2,0,Online,Đồng Nai,0
KH00137,10.3,8367000.0,4,2,Cửa hàng,Khánh Hòa,0
KH00138,23.7,3959000.0,7,2,Cửa hàng,Đà Nẵng,0
KH00139,23.0,3560000.0,7,0,Cửa hàng,Đồng Nai,0
KH00140,6.1,11255000.0,4,1,Online,Đà Nẵng,0
KH00141,26.4,4684000.0,4,2,Cửa hàng,Bình Dương,1
KH00142,10.1,9608000.0,7,1,Cửa hàng,Hà Nội,0
KH00143,12.8,16755000.0,9,1,Cửa hàng,Bình Dương,0
KH00144,19.2,14843000.0,5,2,Online,Cần Thơ,0
KH00145,20.7,6482000.0,4,3,Online,Bình Dương,0
KH00146,11.9,3495000.0,5,2,Online,Hà Nội,0
KH00147,12.9,4759000.0,3,2,Cửa hàng,Hà Nội,1
KH00148,12.2,3671000.0,9,1,Online,TP. Hồ Chí Minh,0
KH00149,19.1,2300000.0,5,2,Cửa hàng,Hà Nội,1
KH00150,7.3,8980000.0,5,0,Cửa hàng,TP. Hồ Chí Minh,1
KH00151,11.2,12330000.0,7,3,Online,Khánh Hòa,0
KH00152,16.2,8232000.0,5,3,Cửa hàng,TP. Hồ Chí Minh,1
KH00153,8.2,6187000.0,8,0,Cửa hàng,Bình Dương,1
KH00154,19.4,7766000.0,7,3,Online,Bình Dương,0
KH00155,11.4,6926000.0,5,1,Online,Đà Nẵng,0
KH00156,11.1,1952000.0,7,3,Online,Cần Thơ,0
KH00157,18.2,14003000.0,5,0,Cửa hàng,Đà Nẵng,0
KH00158,13.9,7579000.0,5,0,Cửa hàng,Hà Nội,0
KH00159,15.2,9327000.0,10,0,Cửa hàng,Hà Nội,0
KH00160,8.3,5067000.0,5,0,Online,Bình Dương,1
KH00161,11.3,12650000.0,3,0,Online,TP. Hồ Chí Minh,0
KH00162,22.7,9008000.0,5,3,Online,Hà Nội,0
KH00163,20.1,6944000.0,8,0,Cửa hàng,Cần Thơ,1
KH00164,5.2,10308000.0,1,2,Online,Khánh Hòa,0
KH00165,17.3,6455000.0,11,0,Cửa hàng,Cần Thơ,0
KH00166,0.0,10186000.0,5,1,Online,TP. Hồ Chí Minh,0
KH00167,23.6,13726000.0,6,0,Cửa hàng,TP. Hồ Chí Minh,0
KH00168,12.3,8477000.0,7,3,Online,TP. Hồ Chí Minh,0
KH00169,13.0,2265000.0,3,1,Cửa hàng,Lâm Đồng,0
KH00170,15.8,3789000.0,5,2,Online,Cần Thơ,0
KH00171,17.7,6875000.0,6,1,Online,Hà Nội,0
KH00172,22.2,1774000.0,7,3,Online,Hà Nội,1
KH00173,9.9,4611000.0,7,0,Online,Bình Dương,0
KH00174,21.3,10369000.0,5,1,Online,Lâm Đồng,1
KH00175,6.4,8186000.0,7,2,Online,Đồng Nai,0
KH00176,10.4,7320000.0,6,2,Cửa hàng,Lâm Đồng,0
KH00177,2.0,3246000.0,8,3,Online,Lâm Đồng,0
KH00178,18.0,2767000.0,8,0,Cửa hàng,Bình Dương,0
KH00179,16.8,13331000.0,3,2,Online,Hà Nội,0
KH00180,11.9,16058000.0,6,0,Online,Lâm Đồng,0
KH00181,16.0,4560000.0,7,2,Cửa hàng,Hà Nội,0
KH00182,13.2,2500000.0,4,2,Cửa hàng,Đồng Nai,0
KH00183,22.6,2720000.0,3,3,Online,Đà Nẵng,1
KH00184,22.9,7682000.0,6,3,Online,Cần Thơ,0
KH00185,18.7,5241000.0,8,0,Cửa hàng,TP. Hồ Chí Minh,0
KH00186,6.6,3126000.0,6,1,Cửa hàng,Đà Nẵng,0
KH00187,8.4,3502000.0,5,2,Cửa hàng,Cần Thơ,0
KH00188,11.7,2292000.0,10,0,Cửa hàng,Khánh Hòa,0
KH00189,16.0,17080000.0,3,2,Cửa hàng,Hà Nội,0
KH00190,23.2,8534000.0,5,3,Cửa hàng,Đồng Nai,1
KH00191,16.1,4089000.0,6,3,Cửa hàng,Đồng Nai,1
KH00192,17.2,4431000.0,4,0,Online,Bình Dương,0
KH00193,22.1,11045000.0,10,1,Cửa hàng,Cần Thơ,0
KH00194,17.5,6584000.0,2,3,Online,Khánh Hòa,1
KH00195,18.4,6763000.0,6,2,Online,TP. Hồ Chí Minh,0
KH00196,3.5,12204000.0,5,2,Online,Hà Nội,0
KH00197,16.2,5684000.0,6,2,Cửa hàng,Đồng Nai,1
KH00198,25.3,15790000.0,6,1,Online,Đà Nẵng,0
KH00199,2.6,14155000.0,9,3,Cửa hàng,Bình Dương,0
KH00200,18.6,6611000.0,4,2,Online,Hà Nội,0
KH00201,6.1,5992000.0,7,3,Online,Lâm Đồng,0
KH00202,13.6,9609000.0,4,2,Cửa hàng,Bình Dương,0
KH00203,20.4,5109000.0,8,1,Online,Hà Nội,0
KH00204,13.4,7707000.0,4,2,Cửa hàng,Lâm Đồng,1
KH00205,24.6,7042000.0,3,2,Cửa hàng,Khánh Hòa,0
KH00206,14.0,9192000.0,4,0,Cửa hàng,Khánh Hòa,1
KH00207,12.2,6128000.0,10,0,Cửa hàng,Khánh Hòa,0
KH00208,16.3,2993000.0,6,2,Online,Hà Nội,1
KH00209,10.5,13088000.0,6,0,Online,Đồng Nai,0
KH00210,20.6,7999000.0,2,0,Online,Khánh Hòa,0
KH00211,16.6,4410000.0,5,0,Cửa hàng,Cần Thơ,0
KH00212,7.1,8823000.0,8,0,Cửa hàng,Lâm Đồng,0
KH00213,14.3,4471000.0,6,1,Online,Bình Dương,0
KH00214,16.0,5951000.0,7,1,Cửa hàng,Cần Thơ,0
KH00215,16.8,3925000.0,8,0,Online,TP. Hồ Chí Minh,0
KH00216,17.5,8152000.0,4,3,Cửa hàng,Khánh Hòa,1
KH00217,5.1,4821000.0,4,1,Online,Hà Nội,0
KH00218,13.1,11820000.0,3,3,Online,Bình Dương,0
KH00219,0.0,6699000.0,5,0,Online,Cần Thơ,0
KH00220,19.4,6635000.0,6,3,Online,Đà Nẵng,0
KH00221,19.1,7960000.0,6,1,Online,Hà Nội,1
KH00222,13.0,7555000.0,5,0,Online,Đồng Nai,0
KH00223,5.9,4598000.0,3,3,Cửa hàng,Khánh Hòa,0
KH00224,12.1,2434000.0,6,2,Cửa hàng,TP. Hồ Chí Minh,1
KH00225,14.9,8811000.0,8,2,Cửa hàng,Khánh Hòa,0
KH00226,21.0,15109000.0,5,3,Online,Cần Thơ,0
KH00227,5.8,13053000.0,4,2,Online,Bình Dương,0
KH00228,17.4,8810000.0,6,3,Cửa hàng,Đồng Nai,1
KH00229,21.0,4891000.0,6,0,Cửa hàng,Lâm Đồng,0
KH00230,17.9,6649000.0,8,2,Online,Lâm Đồng,1
KH00231,17.5,3632000.0,6,0,Cửa hàng,Cần Thơ,0
KH00232,15.4,6331000.0,5,0,Online,Bình Dương,1
KH00233,12.9,3455000.0,5,1,Online,Đà Nẵng,1
KH00234,17.2,3652000.0,8,1,Online,Khánh Hòa,1
KH00235,18.4,8323000.0,5,2,Online,Lâm Đồng,0
KH00236,10.6,10573000.0,6,2,Online,Đồng Nai,0
KH00237,2.1,6957000.0,6,0,Online,Khánh Hòa,0
KH00238,22.5,3947000.0,4,2,Online,Hà Nội,1
KH00239,16.6,7406000.0,3,0,Online,TP. Hồ Chí Minh,0
KH00240,7.1,1735000.0,5,2,Online,Đà Nẵng,0
KH00241,7.1,8879000.0,8,3,Cửa hàng,Đà Nẵng,0
KH00242,9.6,8172000.0,7,3,Cửa hàng,Khánh Hòa,0
KH00243,24.0,8586000.0,4,0,Online,Cần Thơ,0
KH00244,15.1,10308000.0,6,1,Online,Cần Thơ,0
KH00245,18.7,10639000.0,6,2,Online,Khánh Hòa,0
KH00246,16.0,7806000.0,4,2,Online,Đà Nẵng,0
KH00247,11.5,16918000.0,6,0,Online,Bình Dương,0
KH00248,5.3,8435000.0,3,0,Online,Cần Thơ,0
KH00249,3.2,17374000.0,5,3,Cửa hàng,Khánh Hòa,0
KH00250,3.6,5261000.0,8,3,Cửa hàng,Bình Dương,1
KH00251,15.2,11185000.0,9,0,Cửa hàng,Đồng Nai,0
KH00252,24.0,3037000.0,8,2,Online,Bình Dương,0
KH00253,22.0,12180000.0,6,1,Online,Hà Nội,1
KH00254,9.5,22481000.0,5,2,Online,Hà Nội,0
KH00255,3.6,5358000.0,4,1,Online,Khánh Hòa,1
KH00256,29.9,3353000.0,4,3,Online,Đà Nẵng,1
KH00257,18.5,13503000.0,4,1,Cửa hàng,Lâm Đồng,0
KH00258,17.3,9225000.0,9,2,Cửa hàng,Khánh Hòa,1
KH00259,18.1,8271000.0,5,1,Cửa hàng,Đà Nẵng,0
KH00260,16.3,9107000.0,6,2,Online,Đồng Nai,0
KH00261,24.3,11007000.0,8,1,Cửa hàng,Khánh Hòa,0
KH00262,21.1,4502000.0,8,3,Online,Hà Nội,0
KH00263,20.2,4231000.0,8,3,Cửa hàng,Đồng Nai,1
KH00264,21.5,4207000.0,5,1,Online,Hà Nội,1
KH00265,17.5,8222000.0,3,0,Cửa hàng,Lâm Đồng,0
KH00266,0.0,10029000.0,3,0,Online,Đồng Nai,0
KH00267,20.9,12165000.0,3,2,Online,Lâm Đồng,0
KH00268,19.5,12604000.0,6,3,Cửa hàng,Hà Nội,0
KH00269,9.7,2765000.0,3,0,Cửa hàng,Hà Nội,0
KH00270,1.2,2299000.0,3,0,Online,Đồng Nai,0
KH00271,16.7,8085000.0,7,1,Online,Hà Nội,0
KH00272,19.3,2536000.0,2,3,Online,Đồng Nai,0
KH00273,16.7,13987000.0,5,0,Cửa hàng,Khánh Hòa,0
KH00274,18.4,8888000.0,14,0,Online,Khánh Hòa,0
KH00275,13.4,8739000.0,3,3,Cửa hàng,Cần Thơ,0
KH00276,13.9,4485000.0,7,2,Cửa hàng,Bình Dương,0
KH00277,9.7,17203000.0,6,1,Online,Hà Nội,0
KH00278,7.5,2639000.0,9,0,Online,Lâm Đồng,0
KH00279,13.5,1965000.0,7,2,Online,Đà Nẵng,1
KH00280,21.5,14064000.0,10,1,Online,Cần Thơ,0
KH00281,16.3,3523000.0,10,0,Online,TP. Hồ Chí Minh,0
KH00282,16.2,12473000.0,4,2,Online,TP. Hồ Chí Minh,0
KH00283,9.1,832000.0,9,0,Online,Bình Dương,0
KH00284,8.0,3907000.0,5,1,Online,TP. Hồ Chí Minh,0
KH00285,10.0,12128000.0,3,2,Online,Đà Nẵng,0
KH00286,23.3,14084000.0,8,1,Online,Đà Nẵng,0
KH00287,4.9,2286000.0,9,0,Online,Hà Nội,0
KH00288,9.0,13000000.0,6,0,Cửa hàng,Đà Nẵng,0
KH00289,18.9,6937000.0,2,1,Online,TP. Hồ Chí Minh,0
KH00290,3.2,5003000.0,9,0,Online,Cần Thơ,0
KH00291,6.6,7348000.0,6,1,Cửa hàng,Lâm Đồng,0
KH00292,22.0,17324000.0,3,2,Online,Khánh Hòa,0
KH00293,10.3,13852000.0,5,1,Online,Hà Nội,0
KH00294,18.4,2647000.0,8,2,Cửa hàng,Cần Thơ,1
KH00295,2.7,11933000.0,2,2,Online,Lâm Đồng,0
KH00296,16.3,980000.0,8,2,Online,Hà Nội,1
KH00297,7.0,11594000.0,4,3,Cửa hàng,Đà Nẵng,0
KH00298,26.6,270000.0,6,2,Online,TP. Hồ Chí Minh,0
KH00299,15.7,11598000.0,6,0,Cửa hàng,Bình Dương,0
KH00300,9.5,10867000.0,5,0,Cửa hàng,Lâm Đồng,0
KH00301,21.1,8450000.0,3,3,Online,Hà Nội,0
KH00302,3.0,3008000.0,9,2,Online,TP. Hồ Chí Minh,0
KH00303,17.8,3259000.0,5,3,Online,Bình Dương,0
KH00304,9.5,3859000.0,7,0,Cửa hàng,Hà Nội,0
KH00305,13.8,9996000.0,8,3,Online,Lâm Đồng,0
KH00306,9.4,2369000.0,3,1,Online,TP. Hồ Chí Minh,0
KH00307,0.0,4502000.0,9,2,Online,TP. Hồ Chí Minh,0
KH00308,0.0,12316000.0,8,3,Cửa hàng,TP. Hồ Chí Minh,0
KH00309,22.5,7446000.0,6,1,Online,Khánh Hòa,0
KH00310,10.6,5284000.0,7,3,Cửa hàng,Khánh Hòa,0
KH00311,32.6,1821000.0,4,0,Online,Cần Thơ,1
KH00312,16.7,4670000.0,5,3,Cửa hàng,Cần Thơ,0
KH00313,8.6,5038000.0,9,0,Online,TP. Hồ Chí Minh,0
KH00314,7.5,10772000.0,8,3,Cửa hàng,Khánh Hòa,0
KH00315,7.6,3267000.0,7,3,Online,Khánh Hòa,0
KH00316,15.9,6073000.0,5,3,Online,Hà Nội,0
KH00317,6.0,3251000.0,2,3,Cửa hàng,TP. Hồ Chí Minh,0
KH00318,11.1,13670000.0,6,1,Online,Khánh Hòa,0
KH00319,18.6,8764000.0,4,3,Online,Đà Nẵng,0
KH00320,7.9,3305000.0,4,1,Online,Bình Dương,0
KH00321,6.7,8174000.0,4,0,Online,Bình Dương,1
KH00322,10.0,8029000.0,4,3,Cửa hàng,Lâm Đồng,0
KH00323,16.8,4664000.0,6,3,Online,Đà Nẵng,0
KH00324,13.4,3967000.0,6,2,Online,TP. Hồ Chí Minh,0
KH00325,12.6,8595000.0,5,3,Online,Hà Nội,1
KH00326,24.0,5551000.0,5,1,Online,TP. Hồ Chí Minh,0
KH00327,16.2,4264000.0,7,0,Cửa hàng,Cần Thơ,0
KH00328,7.4,6356000.0,4,3,Cửa hàng,Hà Nội,0
KH00329,20.6,7908000.0,7,3,Online,Cần Thơ,0
KH00330,19.2,18374000.0,4,3,Online,TP. Hồ Chí Minh,0
KH00331,26.6,9192000.0,8,3,Online,Bình Dương,0
KH00332,0.0,12640000.0,4,3,Online,Lâm Đồng,0
KH00333,2.2,4429000.0,5,3,Cửa hàng,Đà Nẵng,1
KH00334,8.4,5212000.0,11,0,Online,TP. Hồ Chí Minh,0
KH00335,16.1,12985000.0,4,1,Online,Bình Dương,0
KH00336,7.1,8362000.0,5,3,Cửa hàng,TP. Hồ Chí Minh,0
KH00337,20.7,2973000.0,5,2,Cửa hàng,Lâm Đồng,1
KH00338,11.4,8660000.0,6,0,Online,Đồng Nai,0
KH00339,7.2,6280000.0,6,2,Online,TP. Hồ Chí Minh,0
KH00340,22.9,2418000.0,6,1,Cửa hàng,Khánh Hòa,0
KH00341,8.2,8720000.0,10,3,Online,Lâm Đồng,0
KH00342,17.7,2835000.0,6,2,Online,Hà Nội,1
KH00343,13.7,5055000.0,6,0,Online,Hà Nội,0
KH00344,12.5,1779000.0,4,2,Online,Cần Thơ,0
KH00345,20.9,6779000.0,7,2,Online,Khánh Hòa,0
KH00346,8.4,4202000.0,7,1,Cửa hàng,Đà Nẵng,0
KH00347,27.7,2697000.0,5,3,Cửa hàng,Cần Thơ,0
KH00348,7.1,10171000.0,4,0,Online,Đồng Nai,0
KH00349,20.5,5684000.0,6,0,Online,Hà Nội,0
KH00350,0.0,11077000.0,8,3,Online,Lâm Đồng,0
KH00351,0.0,11501000.0,5,2,Online,TP. Hồ Chí Minh,0
KH00352,10.5,4805000.0,10,0,Online,Bình Dương,0
KH00353,15.0,3566000.0,5,1,Cửa hàng,Khánh Hòa,0
KH00354,13.7,19133000.0,6,3,Online,TP. Hồ Chí Minh,0
KH00355,13.7,8989000.0,9,2,Cửa hàng,Đồng Nai,1
KH00356,11.7,7107000.0,7,2,Online,Hà Nội,0
KH00357,15.7,8407000.0,7,3,Online,Bình Dương,0
KH00358,6.1,1687000.0,8,3,Online,Cần Thơ,0
KH00359,25.6,4014000.0,4,2,Cửa hàng,Khánh Hòa,0
KH00360,21.2,13444000.0,6,0,Cửa hàng,Lâm Đồng,0
KH00361,15.8,5730000.0,6,2,Cửa hàng,TP. Hồ Chí Minh,0
KH00362,15.1,6159000.0,4,3,Cửa hàng,Đà Nẵng,1
KH00363,13.8,4597000.0,5,2,Online,Hà Nội,1
KH00364,11.4,2356000.0,11,2,Cửa hàng,Đồng Nai,0
KH00365,9.3,3836000.0,11,0,Cửa hàng,Lâm Đồng,0
KH00366,18.8,9442000.0,6,1,Cửa hàng,Lâm Đồng,0
KH00367,23.4,19798000.0,5,0,Cửa hàng,Đồng Nai,0
KH00368,24.8,2317000.0,5,3,Online,Cần Thơ,1
KH00369,6.1,10627000.0,5,2,Cửa hàng,Hà Nội,0
KH00370,16.1,5653000.0,4,1,Cửa hàng,Cần Thơ,1
KH00371,8.9,4253000.0,5,0,Online,Cần Thơ,0
KH00372,6.9,7570000.0,7,1,Online,Lâm Đồng,0
KH00373,24.2,20834000.0,10,0,Online,TP. Hồ Chí Minh,0
KH00374,13.2,18298000.0,2,1,Online,Lâm Đồng,0
KH00375,11.0,9629000.0,3,0,Online,Bình Dương,0
KH00376,12.9,8923000.0,8,0,Online,Lâm Đồng,0
KH00377,10.3,21445000.0,9,0,Online,TP. Hồ Chí Minh,0
KH00378,12.5,5602000.0,4,0,Cửa hàng,Lâm Đồng,0
KH00379,19.1,10553000.0,8,0,Online,TP. Hồ Chí Minh,1
KH00380,20.1,5181000.0,8,1,Online,Hà Nội,0
KH00381,7.2,3192000.0,7,1,Online,Lâm Đồng,1
KH00382,13.3,5456000.0,3,0,Cửa hàng,Bình Dương,0
KH00383,14.2,6791000.0,4,0,Online,Bình Dương,0
KH00384,14.8,19575000.0,2,0,Cửa hàng,Hà Nội,0
KH00385,16.5,11470000.0,6,1,Cửa hàng,Đà Nẵng,0
KH00386,16.1,3936000.0,6,1,Cửa hàng,Đồng Nai,0
KH00387,9.9,14950000.0,2,3,Online,TP. Hồ Chí Minh,0
KH00388,6.2,7387000.0,3,0,Online,Bình Dương,0
KH00389,12.0,7600000.0,12,2,Cửa hàng,Hà Nội,0
KH00390,22.4,9358000.0,6,2,Cửa hàng,Hà Nội,0
KH00391,19.1,4362000.0,9,3,Online,Đà Nẵng,0
KH00392,8.1,9789000.0,10,3,Online,Lâm Đồng,0
KH00393,13.3,5701000.0,3,0,Cửa hàng,Bình Dương,0
KH00394,19.1,4862000.0,9,0,Online,Bình Dương,0
KH00395,0.0,4004000.0,5,0,Online,Hà Nội,1
KH00396,7.2,7942000.0,6,2,Online,Bình Dương,0
KH00397,6.9,2689000.0,4,0,Online,Khánh Hòa,0
KH00398,15.8,14240000.0,9,3,Online,TP. Hồ Chí Minh,0
KH00399,10.2,8041000.0,5,1,Online,Bình Dương,0
KH00400,19.0,5557000.0,6,3,Cửa hàng,Bình Dương,0
KH00401,20.6,2991000.0,4,3,Cửa hàng,TP. Hồ Chí Minh,1
KH00402,16.9,8037000.0,5,3,Cửa hàng,TP. Hồ Chí Minh,0
KH00403,25.4,1863000.0,6,0,Online,Lâm Đồng,1
KH00404,8.5,21829000.0,8,1,Online,Hà Nội,0
KH00405,9.6,4637000.0,4,0,Online,Cần Thơ,0
KH00406,12.6,2863000.0,3,2,Cửa hàng,Cần Thơ,1
KH00407,6.0,7158000.0,5,2,Online,Đà Nẵng,0
KH00408,12.5,2770000.0,7,1,Online,Khánh Hòa,1
KH00409,9.7,5826000.0,5,1,Cửa hàng,Khánh Hòa,0
KH00410,10.5,7646000.0,6,0,Online,Cần Thơ,0
KH00411,12.9,6486000.0,2,3,Cửa hàng,Đồng Nai,1
KH00412,12.4,5064000.0,4,3,Online,Hà Nội,0
KH00413,8.8,8002000.0,12,3,Online,Khánh Hòa,0
KH00414,20.2,10198000.0,5,3,Cửa hàng,TP. Hồ Chí Minh,1
KH00415,10.1,2502000.0,8,3,Online,Đà Nẵng,0
KH00416,18.2,16820000.0,5,2,Online,Cần Thơ,0
KH00417,4.4,9003000.0,5,1,Online,Đồng Nai,0
KH00418,20.8,4069000.0,8,2,Online,Khánh Hòa,0
KH00419,14.4,4744000.0,13,1,Cửa hàng,Đà Nẵng,0
KH00420,14.6,8390000.0,3,1,Online,Lâm Đồng,1
KH00421,5.3,10373000.0,6,2,Cửa hàng,Đà Nẵng,0
KH00422,8.5,3590000.0,6,1,Online,Lâm Đồng,1
KH00423,22.3,13924000.0,8,1,Online,Bình Dương,0
KH00424,20.7,2267000.0,3,3,Online,Đồng Nai,1
KH00425,18.9,8774000.0,8,0,Online,Khánh Hòa,0
KH00426,3.5,27193000.0,4,2,Online,Cần Thơ,0
KH00427,11.7,12237000.0,5,2,Online,Đà Nẵng,0
KH00428,27.2,14486000.0,4,2,Cửa hàng,Đà Nẵng,0
KH00429,8.6,7613000.0,7,0,Online,Đồng Nai,0
KH00430,2.6,4181000.0,5,0,Online,Khánh Hòa,1
KH00431,9.8,8244000.0,5,2,Online,Cần Thơ,0
KH00432,13.8,3258000.0,9,0,Online,Đồng Nai,0
KH00433,32.1,8378000.0,4,0,Online,TP. Hồ Chí Minh,1
KH00434,8.6,5401000.0,8,3,Online,Đồng Nai,0
KH00435,25.9,6186000.0,7,3,Cửa hàng,TP. Hồ Chí Minh,0
KH00436,11.9,7183000.0,5,2,Online,Đà Nẵng,0
KH00437,8.9,15651000.0,11,3,Online,Hà Nội,0
KH00438,7.8,737000.0,5,1,Online,Bình Dương,1
KH00439,11.7,5394000.0,4,1,Cửa hàng,Hà Nội,0
KH00440,14.9,6231000.0,5,3,Online,Hà Nội,0
KH00441,8.0,8926000.0,4,0,Online,Hà Nội,1
KH00442,12.2,8465000.0,4,1,Online,Bình Dương,0
KH00443,5.6,13685000.0,9,2,Online,TP. Hồ Chí Minh,0
KH00444,27.1,2606000.0,7,1,Online,TP. Hồ Chí Minh,1
KH00445,10.2,3597000.0,3,3,Online,TP. Hồ Chí Minh,1
KH00446,14.9,13284000.0,2,2,Cửa hàng,Đồng Nai,0
KH00447,19.7,12976000.0,4,0,Cửa hàng,Đồng Nai,0
KH00448,13.9,1701000.0,10,3,Online,Bình Dương,1
KH00449,8.7,23684000.0,4,2,Online,Hà Nội,0
KH00450,12.3,9805000.0,8,3,Online,Hà Nội,0
KH00451,0.0,16377000.0,6,3,Online,Khánh Hòa,0
KH00452,17.9,10397000.0,8,1,Online,Hà Nội,0
KH00453,18.2,10531000.0,5,1,Cửa hàng,Hà Nội,0
KH00454,21.2,10076000.0,8,1,Cửa hàng,Khánh Hòa,0
KH00455,14.8,8145000.0,7,3,Cửa hàng,TP. Hồ Chí Minh,0
KH00456,12.0,5756000.0,5,2,Online,TP. Hồ Chí Minh,0
KH00457,1.2,13223000.0,9,1,Online,TP. Hồ Chí Minh,0
KH00458,15.0,4255000.0,4,3,Cửa hàng,TP. Hồ Chí Minh,1
KH00459,11.8,11952000.0,6,2,Online,Đà Nẵng,0
KH00460,13.6,13474000.0,9,3,Online,TP. Hồ Chí Minh,0
KH00461,16.0,6350000.0,7,2,Online,Đồng Nai,1
KH00462,21.2,9487000.0,5,1,Online,Đà Nẵng,0
KH00463,31.7,6488000.0,1,1,Cửa hàng,Hà Nội,0
KH00464,14.1,8709000.0,2,1,Online,Cần Thơ,0
KH00465,19.5,6480000.0,5,2,Cửa hàng,Đà Nẵng,0
KH00466,11.6,3827000.0,3,3,Online,Lâm Đồng,0
KH00467,11.6,2645000.0,6,0,Online,Bình Dương,0
KH00468,8.4,2123000.0,10,2,Online,Đà Nẵng,0
KH00469,17.4,11167000.0,6,0,Cửa hàng,Đà Nẵng,0
KH00470,6.8,8862000.0,6,2,Cửa hàng,Cần Thơ,0
KH00471,16.0,10919000.0,4,3,Cửa hàng,Hà Nội,0
KH00472,30.6,5980000.0,10,1,Online,Hà Nội,0
KH00473,28.0,6857000.0,13,2,Cửa hàng,Cần Thơ,0
KH00474,14.2,20271000.0,6,3,Online,Cần Thơ,0
KH00475,11.2,4268000.0,5,0,Online,Hà Nội,0
KH00476,18.9,16748000.0,10,0,Cửa hàng,Đà Nẵng,0
KH00477,17.4,4496000.0,7,0,Cửa hàng,Hà Nội,0
KH00478,12.0,16070000.0,5,2,Online,Đà Nẵng,0
KH00479,18.0,12497000.0,3,3,Cửa hàng,Khánh Hòa,1
KH00480,17.3,2753000.0,5,3,Online,Cần Thơ,0
KH00481,15.1,1952000.0,8,0,Cửa hàng,Bình Dương,0
KH00482,17.7,6354000.0,6,1,Online,Đồng Nai,0
KH00483,24.5,4905000.0,6,3,Online,Hà Nội,1
KH00484,16.7,5634000.0,11,0,Cửa hàng,TP. Hồ Chí Minh,0
KH00485,33.4,6418000.0,8,3,Online,Bình Dương,1
KH00486,5.0,2084000.0,7,0,Cửa hàng,Đồng Nai,0
KH00487,3.6,8770000.0,5,3,Online,Lâm Đồng,0
KH00488,9.6,15840000.0,5,3,Cửa hàng,Khánh Hòa,0
KH00489,17.3,7240000.0,2,1,Online,Đà Nẵng,0
KH00490,1.6,4989000.0,9,0,Online,Bình Dương,0
KH00491,10.7,19359000.0,8,1,Cửa hàng,Lâm Đồng,0
KH00492,13.0,7717000.0,8,3,Cửa hàng,Cần Thơ,0
KH00493,6.6,3128000.0,9,0,Cửa hàng,Khánh Hòa,0
KH00494,19.4,6290000.0,3,3,Online,Bình Dương,1
KH00495,27.2,7296000.0,4,1,Online,Cần Thơ,1
KH00496,26.5,11382000.0,6,1,Online,Hà Nội,0
KH00497,8.8,2384000.0,5,2,Online,Cần Thơ,0
KH00498,23.7,5493000.0,8,0,Cửa hàng,Đồng Nai,1
KH00499,13.8,10442000.0,6,2,Cửa hàng,Khánh Hòa,0
KH00500,19.3,5300000.0,11,0,Online,Lâm Đồng,0
KH00501,10.2,8777000.0,5,2,Online,Khánh Hòa,0
KH00502,19.0,9308000.0,2,3,Cửa hàng,Lâm Đồng,0
KH00503,20.9,6586000.0,8,2,Online,Bình Dương,0
KH00504,15.1,8821000.0,3,1,Online,Khánh Hòa,0
KH00505,18.5,12065000.0,6,2,Online,TP. Hồ Chí Minh,0
KH00506,8.1,10339000.0,2,3,Online,Lâm Đồng,0
KH00507,22.3,5897000.0,10,2,Online,Khánh Hòa,1
KH00508,19.6,6387000.0,6,1,Online,Lâm Đồng,1
KH00509,20.9,6868000.0,5,0,Online,Bình Dương,0
KH00510,23.6,3311000.0,3,2,Cửa hàng,Đồng Nai,1
KH00511,15.5,7311000.0,4,1,Online,Bình Dương,0
KH00512,17.1,3068000.0,8,1,Cửa hàng,TP. Hồ Chí Minh,0
KH00513,3.6,6964000.0,8,1,Online,Cần Thơ,0
KH00514,15.9,9245000.0,10,1,Online,Lâm Đồng,0
KH00515,26.4,7264000.0,10,2,Cửa hàng,TP. Hồ Chí Minh,0
KH00516,17.8,5918000.0,4,3,Online,Đồng Nai,0
KH00517,3.4,7254000.0,6,0,Online,Hà Nội,0
KH00518,19.5,6372000.0,2,2,Cửa hàng,Khánh Hòa,0
KH00519,13.7,4501000.0,7,1,Online,Hà Nội,0
KH00520,19.2,6674000.0,4,3,Cửa hàng,Đồng Nai,1
KH00521,2.9,5506000.0,4,2,Online,Hà Nội,1
KH00522,16.6,4694000.0,9,1,Online,Bình Dương,0
KH00523,9.7,3296000.0,13,0,Cửa hàng,Bình Dương,1
KH00524,9.7,7550000.0,3,3,Cửa hàng,TP. Hồ Chí Minh,0
KH00525,28.1,5710000.0,3,1,Online,Hà Nội,0
KH00526,17.0,3976000.0,6,0,Online,Hà Nội,0
KH00527,5.4,8096000.0,4,0,Cửa hàng,Hà Nội,0
KH00528,13.2,4509000.0,7,1,Online,Bình Dương,0
KH00529,19.6,5086000.0,5,1,Online,Khánh Hòa,0
KH00530,15.8,5211000.0,8,0,Online,Hà Nội,0
KH00531,23.6,12635000.0,7,1,Cửa hàng,Lâm Đồng,0
KH00532,0.0,10089000.0,3,0,Online,Lâm Đồng,0
KH00533,18.8,6924000.0,6,3,Cửa hàng,Hà Nội,0
KH00534,14.5,12653000.0,4,2,Cửa hàng,Đồng Nai,0
KH00535,5.1,7758000.0,6,0,Online,Lâm Đồng,0
KH00536,16.5,4217000.0,4,0,Online,Khánh Hòa,0
KH00537,21.6,5251000.0,7,2,Online,Hà Nội,1
KH00538,11.5,3199000.0,6,0,Online,Đà Nẵng,0
KH00539,19.1,1885000.0,5,0,Online,Lâm Đồng,0
KH00540,2.1,11837000.0,4,3,Online,TP. Hồ Chí Minh,0
KH00541,5.9,3761000.0,6,0,Online,Bình Dương,0
KH00542,14.1,6314000.0,3,3,Cửa hàng,Cần Thơ,1
KH00543,2.9,8315000.0,6,1,Cửa hàng,Đà Nẵng,0
KH00544,10.3,6951000.0,7,3,Cửa hàng,Lâm Đồng,0
KH00545,18.0,13945000.0,5,3,Online,Cần Thơ,0
KH00546,8.6,974000.0,7,1,Cửa hàng,Lâm Đồng,0
KH00547,5.3,8368000.0,1,3,Online,Khánh Hòa,0
KH00548,21.2,3730000.0,10,2,Online,TP. Hồ Chí Minh,0
KH00549,25.1,5888000.0,3,1,Cửa hàng,Bình Dương,0
KH00550,20.9,3420000.0,6,2,Cửa hàng,TP. Hồ Chí Minh,1
KH00551,16.5,1091000.0,3,1,Cửa hàng,Đồng Nai,1
KH00552,23.4,2423000.0,2,2,Online,Cần Thơ,1
KH00553,9.5,10238000.0,6,2,Cửa hàng,Đồng Nai,0
KH00554,22.1,7786000.0,7,3,Online,Bình Dương,1
KH00555,6.3,15800000.0,1,2,Cửa hàng,TP. Hồ Chí Minh,0
KH00556,15.6,5177000.0,12,2,Cửa hàng,Đà Nẵng,1
KH00557,22.7,9546000.0,6,0,Online,TP. Hồ Chí Minh,0
KH00558,13.0,10584000.0,2,2,Cửa hàng,Khánh Hòa,0
KH00559,26.1,7117000.0,5,0,Online,Khánh Hòa,0
KH00560,9.3,4174000.0,6,1,Online,Lâm Đồng,0
KH00561,10.3,7925000.0,6,0,Cửa hàng,Hà Nội,0
KH00562,12.4,18366000.0,7,3,Online,Đà Nẵng,0
KH00563,18.9,4251000.0,2,0,Online,Khánh Hòa,0
KH00564,3.3,11220000.0,8,1,Online,Đà Nẵng,0
KH00565,8.3,6700000.0,5,1,Online,Đồng Nai,0
KH00566,33.9,6417000.0,5,0,Online,Hà Nội,1
KH00567,25.1,4902000.0,5,1,Cửa hàng,Khánh Hòa,1
KH00568,5.0,9792000.0,2,2,Cửa hàng,Cần Thơ,0
KH00569,21.5,2759000.0,5,3,Online,Khánh Hòa,1
KH00570,5.3,4792000.0,4,3,Online,Bình Dương,0
KH00571,9.0,4910000.0,7,2,Online,Bình Dương,0
KH00572,13.6,12289000.0,9,0,Online,Khánh Hòa,0
KH00573,8.2,1820000.0,6,3,Cửa hàng,TP. Hồ Chí Minh,0
KH00574,16.2,3175000.0,7,2,Online,Lâm Đồng,0
KH00575,22.3,8609000.0,5,2,Cửa hàng,Lâm Đồng,0
KH00576,15.4,5400000.0,1,0,Cửa hàng,Cần Thơ,0
KH00577,20.9,6885000.0,5,2,Online,TP. Hồ Chí Minh,0
KH00578,12.4,5714000.0,7,0,Cửa hàng,Hà Nội,1
KH00579,2.3,1425000.0,8,0,Online,Đồng Nai,0
KH00580,13.6,16599000.0,7,2,Cửa hàng,Cần Thơ,0
KH00581,20.2,11673000.0,10,0,Online,Lâm Đồng,0
KH00582,11.4,11050000.0,6,2,Cửa hàng,Đà Nẵng,0
KH00583,13.2,4876000.0,5,3,Online,Cần Thơ,0
KH00584,22.3,2735000.0,7,2,Cửa hàng,Bình Dương,1
KH00585,2.9,4689000.0,11,0,Online,Đà Nẵng,0
KH00586,11.5,7707000.0,3,0,Cửa hàng,Khánh Hòa,0
KH00587,8.3,12953000.0,7,2,Online,Đồng Nai,0
KH00588,13.7,6352000.0,3,3,Online,Đà Nẵng,1
KH00589,27.9,6970000.0,5,1,Online,Bình Dương,0
KH00590,5.0,4437000.0,5,1,Cửa hàng,Lâm Đồng,0
KH00591,17.0,8734000.0,7,0,Cửa hàng,TP. Hồ Chí Minh,1
KH00592,22.0,1702000.0,5,3,Cửa hàng,Cần Thơ,1
KH00593,23.0,3406000.0,1,0,Online,Bình Dương,1
KH00594,20.5,5201000.0,6,2,Online,TP. Hồ Chí Minh,1
KH00595,28.7,8563000.0,10,3,Cửa hàng,Hà Nội,0
KH00596,11.1,9288000.0,8,3,Online,TP. Hồ Chí Minh,0
KH00597,13.4,4392000.0,9,3,Online,Đồng Nai,0
KH00598,16.0,5877000.0,3,2,Online,Bình Dương,0
KH00599,16.7,3811000.0,8,3,Online,Đồng Nai,0
KH00600,10.7,12038000.0,5,0,Online,Đà Nẵng,0
KH00601,12.7,3554000.0,5,0,Cửa hàng,TP. Hồ Chí Minh,0
KH00602,2.1,11950000.0,5,1,Online,Đồng Nai,0
KH00603,3.1,10034000.0,4,0,Online,Đồng Nai,0
KH00604,25.8,3112000.0,5,3,Online,Hà Nội,1
KH00605,13.3,1163000.0,6,1,Cửa hàng,Khánh Hòa,0
KH00606,5.8,7195000.0,8,2,Online,Lâm Đồng,0
KH00607,0.0,4660000.0,10,1,Online,Khánh Hòa,0
KH00608,10.2,5175000.0,6,1,Cửa hàng,Lâm Đồng,1
KH00609,12.5,7118000.0,5,0,Online,Cần Thơ,0
KH00610,5.6,6226000.0,9,2,Online,Lâm Đồng,0
KH00611,8.8,2943000.0,6,1,Online,Khánh Hòa,0
KH00612,21.9,5399000.0,10,1,Online,Đà Nẵng,1
KH00613,9.7,4981000.0,3,3,Online,Cần Thơ,1
KH00614,18.5,5113000.0,9,2,Online,TP. Hồ Chí Minh,1
KH00615,5.1,9299000.0,6,0,Online,Lâm Đồng,0
KH00616,18.0,14449000.0,3,0,Online,Đà Nẵng,0
KH00617,6.8,1444000.0,8,1,Cửa hàng,Lâm Đồng,1
KH00618,26.1,10218000.0,8,0,Cửa hàng,Khánh Hòa,0
KH00619,8.1,10303000.0,7,1,Cửa hàng,Cần Thơ,0
KH00620,17.7,4573000.0,5,2,Online,Đồng Nai,1
KH00621,19.5,10876000.0,6,0,Online,Hà Nội,0
KH00622,25.2,5277000.0,4,3,Cửa hàng,Khánh Hòa,1
KH00623,19.4,14280000.0,6,0,Online,TP. Hồ Chí Minh,0
KH00624,12.6,2944000.0,6,1,Cửa hàng,Đồng Nai,0
KH00625,21.5,3486000.0,2,1,Online,Lâm Đồng,0
KH00626,7.1,6035000.0,6,0,Cửa hàng,Bình Dương,0
KH00627,19.9,8815000.0,3,1,Cửa hàng,Hà Nội,1
KH00628,9.2,6672000.0,8,1,Online,Bình Dương,0
KH00629,20.4,3567000.0,11,3,Online,Đồng Nai,0
KH00630,11.8,8310000.0,7,1,Cửa hàng,Đà Nẵng,0
KH00631,15.3,5865000.0,10,0,Online,Bình Dương,0
KH00632,16.1,11886000.0,6,3,Cửa hàng,Khánh Hòa,0
KH00633,21.4,5691000.0,9,0,Online,TP. Hồ Chí Minh,1
KH00634,16.1,6958000.0,8,3,Cửa hàng,Cần Thơ,0
KH00635,16.4,6354000.0,10,0,Cửa hàng,Bình Dương,0
KH00636,8.0,6242000.0,5,0,Online,Lâm Đồng,0
KH00637,13.0,2157000.0,7,0,Online,Đồng Nai,0
KH00638,15.5,9296000.0,5,0,Cửa hàng,TP. Hồ Chí Minh,0
KH00639,12.0,5012000.0,7,1,Cửa hàng,TP. Hồ Chí Minh,0
KH00640,12.8,6131000.0,5,2,Cửa hàng,Khánh Hòa,1
KH00641,4.8,5755000.0,7,1,Cửa hàng,Khánh Hòa,0
KH00642,26.0,20468000.0,8,2,Online,Đồng Nai,0
KH00643,7.5,4245000.0,6,1,Online,Lâm Đồng,0
KH00644,11.8,16522000.0,5,0,Online,Đồng Nai,0
KH00645,24.3,8453000.0,7,0,Cửa hàng,Lâm Đồng,0
KH00646,18.7,6509000.0,3,3,Cửa hàng,Đồng Nai,0
KH00647,9.6,12729000.0,7,2,Online,Đồng Nai,0
KH00648,7.4,10368000.0,9,1,Online,TP. Hồ Chí Minh,0
KH00649,22.6,7270000.0,6,2,Cửa hàng,Đà Nẵng,1
KH00650,6.2,5966000.0,5,3,Online,Đà Nẵng,0
KH00651,21.4,7617000.0,6,3,Online,Lâm Đồng,0
KH00652,22.5,13516000.0,2,1,Online,Hà Nội,0
KH00653,10.6,17360000.0,10,0,Cửa hàng,Lâm Đồng,1
KH00654,16.1,5520000.0,6,0,Online,Bình Dương,0
KH00655,11.8,7139000.0,6,0,Online,Khánh Hòa,0
KH00656,11.7,4894000.0,8,0,Cửa hàng,Hà Nội,0
KH00657,22.2,10245000.0,4,2,Online,Bình Dương,0
KH00658,9.5,2896000.0,3,2,Online,Cần Thơ,0
KH00659,8.9,10928000.0,10,3,Cửa hàng,Đà Nẵng,0
KH00660,7.0,3688000.0,4,3,Online,Lâm Đồng,0
KH00661,13.9,5651000.0,8,3,Online,Bình Dương,0
KH00662,1.3,3005000.0,9,2,Cửa hàng,Hà Nội,0
KH00663,9.3,5535000.0,6,2,Online,Lâm Đồng,0
KH00664,7.4,16519000.0,5,2,Cửa hàng,TP. Hồ Chí Minh,0
KH00665,16.8,6922000.0,7,3,Online,Cần Thơ,0
KH00666,16.1,15183000.0,4,3,Online,Đồng Nai,0
KH00667,12.0,5843000.0,8,1,Cửa hàng,Hà Nội,0
KH00668,19.9,15338000.0,8,0,Online,Lâm Đồng,0
KH00669,20.6,3919000.0,5,1,Cửa hàng,Cần Thơ,0
KH00670,17.0,9055000.0,2,1,Online,Đồng Nai,0
KH00671,13.1,7164000.0,5,1,Cửa hàng,Khánh Hòa,1
KH00672,17.6,11701000.0,8,3,Online,Khánh Hòa,0
KH00673,16.2,17990000.0,12,2,Online,Bình Dương,0
KH00674,10.4,8648000.0,10,2,Online,Đà Nẵng,1
KH00675,21.8,16938000.0,6,1,Online,Cần Thơ,0
KH00676,23.6,3572000.0,4,2,Online,Lâm Đồng,1
KH00677,15.1,9766000.0,4,3,Cửa hàng,Lâm Đồng,0
KH00678,18.9,3441000.0,1,3,Cửa hàng,Lâm Đồng,1
KH00679,7.3,19140000.0,6,3,Online,Đồng Nai,0
KH00680,18.6,9245000.0,3,1,Online,Lâm Đồng,0
KH00681,11.4,7325000.0,7,1,Online,Hà Nội,0
KH00682,39.2,9169000.0,2,3,Cửa hàng,Khánh Hòa,0
KH00683,16.1,7721000.0,6,1,Online,Đà Nẵng,0
KH00684,18.0,22671000.0,6,1,Online,TP. Hồ Chí Minh,0
KH00685,11.4,4385000.0,6,3,Cửa hàng,Khánh Hòa,1
KH00686,0.0,26985000.0,5,2,Cửa hàng,Đồng Nai,0
KH00687,11.8,4549000.0,7,3,Online,Đồng Nai,1
KH00688,13.5,6994000.0,5,0,Online,Đồng Nai,0
KH00689,0.0,10777000.0,5,2,Online,Khánh Hòa,0
KH00690,14.7,15176000.0,4,1,Online,Lâm Đồng,1
KH00691,14.6,6243000.0,10,2,Online,TP. Hồ Chí Minh,0
KH00692,9.2,6564000.0,5,3,Online,TP. Hồ Chí Minh,0
KH00693,11.9,8456000.0,7,2,Cửa hàng,Hà Nội,0
KH00694,16.7,12739000.0,10,1,Online,Cần Thơ,0
KH00695,17.3,11282000.0,3,3,Online,Cần Thơ,0
KH00696,15.2,2288000.0,11,3,Cửa hàng,Lâm Đồng,1
KH00697,24.2,16013000.0,8,3,Online,TP. Hồ Chí Minh,0
KH00698,17.0,4474000.0,4,1,Cửa hàng,Cần Thơ,0
KH00699,6.5,7860000.0,2,3,Online,Hà Nội,0
KH00700,3.9,9794000.0,7,3,Cửa hàng,Hà Nội,0
KH00701,6.0,1665000.0,6,2,Online,Hà Nội,0
KH00702,16.6,7593000.0,5,2,Online,Bình Dương,0
KH00703,13.9,8016000.0,7,1,Cửa hàng,TP. Hồ Chí Minh,0
KH00704,19.0,11784000.0,2,0,Cửa hàng,Hà Nội,0
KH00705,20.1,6779000.0,5,2,Online,TP. Hồ Chí Minh,1
KH00706,8.3,15367000.0,10,3,Online,Đà Nẵng,0
KH00707,5.9,3032000.0,7,0,Online,Khánh Hòa,0
KH00708,6.7,12201000.0,5,0,Cửa hàng,Khánh Hòa,0
KH00709,4.3,20451000.0,2,0,Cửa hàng,TP. Hồ Chí Minh,0
KH00710,31.0,6548000.0,7,0,Cửa hàng,Khánh Hòa,1
KH00711,21.8,4637000.0,2,0,Online,TP. Hồ Chí Minh,0
KH00712,11.4,5774000.0,5,1,Cửa hàng,Cần Thơ,0
KH00713,22.8,3203000.0,9,3,Online,Hà Nội,0
KH00714,15.5,8061000.0,10,0,Online,Hà Nội,0
KH00715,15.6,5107000.0,9,0,Cửa hàng,Hà Nội,0
KH00716,19.1,14525000.0,7,2,Online,Đồng Nai,0
KH00717,2.1,3924000.0,5,0,Online,TP. Hồ Chí Minh,0
KH00718,14.0,6450000.0,4,3,Online,Cần Thơ,0
KH00719,15.8,7473000.0,5,2,Online,Hà Nội,0
KH00720,15.1,20336000.0,7,0,Online,Hà Nội,0
KH00721,0.0,1341000.0,5,2,Online,Bình Dương,0
KH00722,19.2,15386000.0,8,0,Online,Khánh Hòa,0
KH00723,10.2,6801000.0,8,2,Cửa hàng,TP. Hồ Chí Minh,0
KH00724,13.4,8808000.0,6,1,Cửa hàng,Đồng Nai,0
KH00725,22.8,4784000.0,9,1,Online,Khánh Hòa,0
KH00726,6.2,7797000.0,6,3,Cửa hàng,Cần Thơ,0
KH00727,10.2,3898000.0,7,0,Online,TP. Hồ Chí Minh,0
KH00728,18.1,4109000.0,5,1,Online,Khánh Hòa,0
KH00729,8.3,13380000.0,7,0,Cửa hàng,Đồng Nai,0
KH00730,21.8,5164000.0,7,0,Online,Đà Nẵng,0
KH00731,7.9,2552000.0,4,2,Online,Hà Nội,0
KH00732,13.8,21091000.0,10,3,Online,TP. Hồ Chí Minh,0
KH00733,23.1,11269000.0,1,3,Cửa hàng,Lâm Đồng,1
KH00734,22.6,6410000.0,6,0,Online,Đà Nẵng,0
KH00735,14.9,6450000.0,4,1,Online,Lâm Đồng,1
KH00736,7.5,7267000.0,4,3,Online,Đồng Nai,0
KH00737,14.1,16530000.0,5,1,Cửa hàng,Khánh Hòa,0
KH00738,13.8,13756000.0,2,2,Online,Đồng Nai,0
KH00739,26.6,15731000.0,5,0,Cửa hàng,Bình Dương,0
KH00740,20.5,21087000.0,6,2,Online,Cần Thơ,0
KH00741,21.6,3367000.0,4,0,Online,Đà Nẵng,0
KH00742,10.6,14393000.0,8,2,Cửa hàng,Lâm Đồng,0
KH00743,21.7,5315000.0,9,1,Online,Đà Nẵng,0
KH00744,26.5,7629000.0,9,0,Online,Bình Dương,0
KH00745,25.6,4027000.0,7,3,Online,Hà Nội,1
KH00746,11.9,7406000.0,3,0,Cửa hàng,Đà Nẵng,0
KH00747,21.5,13210000.0,3,1,Cửa hàng,TP. Hồ Chí Minh,0
KH00748,4.0,6365000.0,6,1,Cửa hàng,Khánh Hòa,1
KH00749,12.9,4401000.0,10,3,Cửa hàng,Hà Nội,0
KH00750,20.5,5543000.0,4,0,Cửa hàng,Đồng Nai,0
KH00751,24.3,8471000.0,6,1,Online,Đồng Nai,1
KH00752,10.2,6349000.0,5,2,Online,Đà Nẵng,0
KH00753,12.4,9165000.0,6,3,Online,Đà Nẵng,0
KH00754,15.7,9569000.0,6,1,Online,Cần Thơ,1
KH00755,4.8,4731000.0,3,1,Online,Hà Nội,0
KH00756,3.9,6036000.0,10,2,Cửa hàng,Bình Dương,0
KH00757,20.5,1876000.0,4,3,Cửa hàng,Lâm Đồng,0
KH00758,8.9,7820000.0,8,0,Online,TP. Hồ Chí Minh,0
KH00759,4.0,11864000.0,12,2,Cửa hàng,Lâm Đồng,0
KH00760,0.0,4862000.0,4,2,Online,Hà Nội,0
KH00761,10.2,6039000.0,6,1,Online,Hà Nội,0
KH00762,11.3,3332000.0,6,2,Online,Cần Thơ,1
KH00763,6.3,5509000.0,5,1,Online,Lâm Đồng,0
KH00764,0.0,7899000.0,10,2,Cửa hàng,Khánh Hòa,0
KH00765,15.2,5140000.0,6,3,Cửa hàng,Khánh Hòa,1
KH00766,10.6,3633000.0,5,3,Online,TP. Hồ Chí Minh,0
KH00767,11.3,3352000.0,5,0,Online,TP. Hồ Chí Minh,0
KH00768,19.3,8581000.0,4,0,Cửa hàng,Bình Dương,0
KH00769,23.2,5850000.0,6,2,Cửa hàng,TP. Hồ Chí Minh,0
KH00770,7.4,2380000.0,2,0,Cửa hàng,Đồng Nai,0
KH00771,10.9,15261000.0,7,1,Online,TP. Hồ Chí Minh,0
KH00772,10.8,7918000.0,5,1,Online,Hà Nội,0
KH00773,0.0,16822000.0,10,3,Cửa hàng,Khánh Hòa,0
KH00774,33.2,3979000.0,6,3,Cửa hàng,TP. Hồ Chí Minh,1
KH00775,14.1,8469000.0,8,1,Cửa hàng,Khánh Hòa,0
KH00776,18.3,20142000.0,8,1,Online,Hà Nội,0
KH00777,18.1,8225000.0,7,0,Cửa hàng,Đà Nẵng,0
KH00778,18.1,8034000.0,3,2,Online,Khánh Hòa,0
KH00779,21.4,5522000.0,8,1,Online,Đồng Nai,0
KH00780,21.1,13902000.0,9,2,Online,Đồng Nai,0
KH00781,14.8,7862000.0,10,2,Online,Khánh Hòa,0
KH00782,16.5,4423000.0,4,3,Cửa hàng,Lâm Đồng,0
KH00783,14.9,9566000.0,4,0,Online,TP. Hồ Chí Minh,0
KH00784,12.5,16650000.0,7,1,Online,TP. Hồ Chí Minh,0
KH00785,19.4,5789000.0,6,2,Cửa hàng,Cần Thơ,1
KH00786,17.7,10105000.0,7,2,Online,Đồng Nai,0
KH00787,17.6,5706000.0,4,2,Cửa hàng,Lâm Đồng,0
KH00788,15.4,3348000.0,4,0,Online,Đà Nẵng,0
KH00789,15.4,6182000.0,4,0,Cửa hàng,TP. Hồ Chí Minh,1
KH00790,16.6,2542000.0,4,0,Cửa hàng,Đà Nẵng,0
KH00791,30.7,18098000.0,8,2,Online,Khánh Hòa,0
KH00792,19.4,11206000.0,2,2,Online,Bình Dương,0
KH00793,5.5,4051000.0,7,1,Online,TP. Hồ Chí Minh,0
KH00794,19.9,4200000.0,7,3,Online,Đồng Nai,1
KH00795,22.7,8769000.0,8,2,Cửa hàng,Đồng Nai,0
KH00796,18.8,5031000.0,5,2,Online,Cần Thơ,0
KH00797,0.3,3540000.0,5,0,Cửa hàng,Bình Dương,0
KH00798,24.4,6360000.0,5,3,Online,Khánh Hòa,1
KH00799,15.6,15487000.0,2,2,Cửa hàng,Đà Nẵng,0
KH00800,20.7,7281000.0,1,1,Online,Khánh Hòa,0
KH00801,15.4,8512000.0,10,0,Online,TP. Hồ Chí Minh,0
KH00802,16.0,12530000.0,9,2,Online,Đồng Nai,0
KH00803,17.5,9120000.0,4,3,Cửa hàng,Hà Nội,1
KH00804,13.0,13878000.0,4,2,Cửa hàng,Cần Thơ,0
KH00805,1.4,15224000.0,8,2,Online,Lâm Đồng,0
KH00806,29.3,2869000.0,5,3,Cửa hàng,Khánh Hòa,1
KH00807,15.7,7569000.0,7,1,Online,Khánh Hòa,1
KH00808,11.7,8302000.0,8,0,Cửa hàng,Hà Nội,0
KH00809,11.4,15384000.0,4,2,Cửa hàng,Bình Dương,0
KH00810,24.8,13406000.0,6,0,Cửa hàng,Lâm Đồng,0
KH00811,17.4,15376000.0,8,1,Online,Khánh Hòa,0
KH00812,8.8,9391000.0,5,3,Online,Hà Nội,0
KH00813,13.1,8337000.0,9,2,Cửa hàng,Lâm Đồng,0
KH00814,11.8,3771000.0,5,1,Online,Hà Nội,1
KH00815,22.5,1464000.0,4,2,Cửa hàng,Lâm Đồng,0
KH00816,19.2,6441000.0,8,3,Online,Lâm Đồng,0
KH00817,21.1,7446000.0,6,2,Online,Khánh Hòa,0
KH00818,18.9,8014000.0,7,3,Online,Hà Nội,0
KH00819,22.1,9185000.0,7,3,Online,Đà Nẵng,1
KH00820,14.8,13480000.0,9,3,Cửa hàng,Cần Thơ,0
KH00821,13.1,7414000.0,8,0,Online,Đồng Nai,0
KH00822,21.3,3023000.0,8,2,Cửa hàng,Bình Dương,1
KH00823,11.1,8153000.0,7,0,Cửa hàng,TP. Hồ Chí Minh,1
KH00824,7.7,2236000.0,6,2,Online,TP. Hồ Chí Minh,0
KH00825,16.8,8943000.0,6,2,Online,Đồng Nai,0
KH00826,17.7,2174000.0,5,3,Cửa hàng,Cần Thơ,0
KH00827,19.8,22240000.0,7,3,Online,Khánh Hòa,1
KH00828,19.3,10039000.0,2,3,Online,Bình Dương,1
KH00829,12.8,7246000.0,4,3,Cửa hàng,Cần Thơ,1
KH00830,21.3,7896000.0,8,3,Online,Bình Dương,0
KH00831,14.1,3385000.0,4,2,Cửa hàng,Đà Nẵng,0
KH00832,15.6,4794000.0,4,1,Cửa hàng,Đồng Nai,0
KH00833,16.5,11538000.0,4,0,Online,Cần Thơ,0
KH00834,14.7,7989000.0,5,3,Cửa hàng,Đồng Nai,1
KH00835,22.1,1628000.0,2,1,Online,Khánh Hòa,1
KH00836,22.7,11430000.0,3,1,Online,Bình Dương,0
KH00837,17.0,10545000.0,4,2,Cửa hàng,TP. Hồ Chí Minh,0
KH00838,12.0,7702000.0,2,0,Cửa hàng,Đồng Nai,0
KH00839,3.1,7566000.0,3,3,Online,Cần Thơ,0
KH00840,10.6,4020000.0,7,2,Online,Đồng Nai,0
KH00841,17.6,11073000.0,7,0,Cửa hàng,TP. Hồ Chí Minh,0
KH00842,9.6,7699000.0,6,1,Cửa hàng,TP. Hồ Chí Minh,0
KH00843,15.7,4688000.0,4,0,Online,Đồng Nai,1
KH00844,11.5,4298000.0,5,1,Cửa hàng,Bình Dương,0
KH00845,17.0,9311000.0,8,3,Cửa hàng,Hà Nội,1
KH00846,15.6,14232000.0,6,2,Online,Khánh Hòa,0
KH00847,8.6,5626000.0,8,0,Online,TP. Hồ Chí Minh,0
KH00848,23.0,10470000.0,7,0,Online,Bình Dương,0
KH00849,25.5,6695000.0,5,2,Cửa hàng,Đồng Nai,1
KH00850,16.0,4170000.0,6,3,Cửa hàng,Khánh Hòa,1
KH00851,9.8,4656000.0,8,3,Cửa hàng,Cần Thơ,0
KH00852,27.9,8717000.0,4,3,Online,Khánh Hòa,1
KH00853,3.0,5636000.0,3,1,Online,Đà Nẵng,0
KH00854,16.2,13668000.0,6,0,Cửa hàng,Hà Nội,0
KH00855,13.0,7745000.0,7,1,Online,Hà Nội,0
KH00856,14.7,10084000.0,5,0,Cửa hàng,Đà Nẵng,0
KH00857,14.9,2617000.0,4,1,Cửa hàng,Hà Nội,1
KH00858,16.5,3803000.0,7,0,Cửa hàng,Khánh Hòa,0
KH00859,9.4,5067000.0,6,1,Cửa hàng,Khánh Hòa,1
KH00860,9.4,4060000.0,8,2,Online,Khánh Hòa,0
KH00861,14.3,8139000.0,4,0,Cửa hàng,Lâm Đồng,0
KH00862,12.0,10519000.0,3,0,Online,TP. Hồ Chí Minh,0
KH00863,18.4,10340000.0,5,3,Online,Đồng Nai,0
KH00864,19.6,14202000.0,4,3,Cửa hàng,Khánh Hòa,0
KH00865,20.5,17175000.0,7,0,Cửa hàng,Bình Dương,0
KH00866,17.1,9399000.0,3,2,Online,Hà Nội,0
KH00867,24.5,8410000.0,8,2,Online,Đồng Nai,1
KH00868,22.5,5502000.0,5,3,Cửa hàng,Cần Thơ,1
KH00869,22.3,12765000.0,3,2,Cửa hàng,Đồng Nai,0
KH00870,6.3,9519000.0,1,0,Cửa hàng,Lâm Đồng,0
KH00871,22.3,1277000.0,6,2,Cửa hàng,TP. Hồ Chí Minh,1
KH00872,31.1,13357000.0,6,0,Online,Cần Thơ,0
KH00873,17.2,12043000.0,11,2,Online,Đà Nẵng,0
KH00874,17.3,16514000.0,8,0,Cửa hàng,TP. Hồ Chí Minh,0
KH00875,14.5,7079000.0,3,2,Cửa hàng,Đà Nẵng,0
KH00876,17.0,12136000.0,3,2,Cửa hàng,Lâm Đồng,1
KH00877,11.3,7441000.0,7,0,Cửa hàng,Đà Nẵng,1
KH00878,10.5,9908000.0,7,2,Cửa hàng,Lâm Đồng,0
KH00879,5.2,10468000.0,2,2,Online,Cần Thơ,0
KH00880,17.4,13047000.0,2,3,Cửa hàng,Cần Thơ,0
KH00881,7.6,11938000.0,7,2,Online,Hà Nội,0
KH00882,12.2,13357000.0,8,2,Cửa hàng,Bình Dương,0
KH00883,8.7,8582000.0,12,2,Cửa hàng,Bình Dương,0
KH00884,33.5,20076000.0,6,3,Online,Cần Thơ,1
KH00885,34.5,6362000.0,9,3,Online,Khánh Hòa,1
KH00886,0.2,6368000.0,0,3,Cửa hàng,TP. Hồ Chí Minh,0
KH00887,13.4,6850000.0,8,2,Online,Hà Nội,0
KH00888,0.2,6485000.0,3,1,Cửa hàng,Đà Nẵng,0
KH00889,15.9,19688000.0,4,2,Online,TP. Hồ Chí Minh,0
KH00890,13.8,9781000.0,5,0,Online,Đồng Nai,0
KH00891,13.3,5608000.0,5,2,Online,TP. Hồ Chí Minh,0
KH00892,13.5,11545000.0,3,1,Online,Lâm Đồng,0
KH00893,1.8,13577000.0,5,3,Online,Lâm Đồng,0
KH00894,19.5,7492000.0,5,1,Cửa hàng,Lâm Đồng,0
KH00895,3.6,3843000.0,8,0,Online,Cần Thơ,0
KH00896,14.5,7000000.0,7,3,Online,Đà Nẵng,0
KH00897,6.1,18062000.0,5,0,Cửa hàng,Bình Dương,0
KH00898,8.2,12604000.0,5,1,Online,Bình Dương,0
KH00899,11.1,8981000.0,4,0,Online,Lâm Đồng,0
KH00900,19.1,7212000.0,5,2,Online,Đồng Nai,0
KH00901,10.0,5042000.0,7,3,Cửa hàng,Cần Thơ,0
KH00902,7.9,7899000.0,7,1,Online,Đồng Nai,0
KH00903,25.0,5022000.0,6,1,Online,Cần Thơ,0
KH00904,14.8,6458000.0,9,1,Cửa hàng,Hà Nội,0
KH00905,20.5,3364000.0,1,1,Online,Đà Nẵng,1
KH00906,11.5,6775000.0,7,2,Online,Lâm Đồng,0
KH00907,11.9,8264000.0,3,0,Online,Khánh Hòa,0
KH00908,5.6,8553000.0,7,3,Cửa hàng,TP. Hồ Chí Minh,0
KH00909,11.6,12685000.0,4,1,Online,Đà Nẵng,0
KH00910,9.5,9045000.0,8,0,Cửa hàng,Hà Nội,0
KH00911,12.1,4212000.0,9,1,Online,TP. Hồ Chí Minh,0
KH00912,12.4,2775000.0,6,2,Online,Đồng Nai,1
KH00913,15.3,4357000.0,8,3,Online,Khánh Hòa,1
KH00914,30.0,4769000.0,11,1,Cửa hàng,Đồng Nai,0
KH00915,15.6,10891000.0,6,1,Online,Cần Thơ,1
KH00916,13.9,3528000.0,4,0,Cửa hàng,Cần Thơ,0
KH00917,15.9,11896000.0,4,3,Cửa hàng,Đà Nẵng,0
KH00918,21.6,1932000.0,3,0,Online,Cần Thơ,1
KH00919,2.3,2299000.0,4,3,Online,Đồng Nai,0
KH00920,15.6,4195000.0,3,0,Online,Khánh Hòa,0
KH00921,13.1,3965000.0,7,3,Online,TP. Hồ Chí Minh,0
KH00922,24.8,2342000.0,8,0,Cửa hàng,Hà Nội,1
KH00923,12.9,3226000.0,6,1,Cửa hàng,Đà Nẵng,0
KH00924,25.6,7205000.0,7,2,Online,Cần Thơ,0
KH00925,16.7,15511000.0,10,1,Online,Lâm Đồng,0
KH00926,13.0,7110000.0,4,3,Cửa hàng,Cần Thơ,0
KH00927,6.6,7224000.0,7,1,Cửa hàng,Bình Dương,0
KH00928,8.5,14237000.0,12,1,Online,Khánh Hòa,0
KH00929,23.1,11060000.0,4,1,Online,Đồng Nai,1
KH00930,17.3,4113000.0,6,2,Cửa hàng,Lâm Đồng,0
KH00931,19.7,5548000.0,5,3,Cửa hàng,Khánh Hòa,1
KH00932,10.6,24659000.0,2,2,Online,TP. Hồ Chí Minh,0
KH00933,16.1,8454000.0,12,1,Online,Lâm Đồng,0
KH00934,14.3,8854000.0,10,2,Cửa hàng,Đà Nẵng,0
KH00935,9.0,7132000.0,10,3,Online,Đồng Nai,0
KH00936,25.8,11040000.0,5,1,Cửa hàng,Khánh Hòa,0
KH00937,16.0,12535000.0,6,2,Cửa hàng,Hà Nội,0
KH00938,19.0,5026000.0,7,1,Cửa hàng,Lâm Đồng,1
KH00939,8.1,7565000.0,6,3,Online,Bình Dương,0
KH00940,29.3,1574000.0,9,0,Cửa hàng,Đà Nẵng,1
KH00941,5.2,1679000.0,8,3,Online,Bình Dương,1
KH00942,10.3,6346000.0,2,3,Cửa hàng,Đà Nẵng,1
KH00943,10.7,4074000.0,7,3,Online,Đồng Nai,0
KH00944,14.4,4407000.0,4,0,Cửa hàng,Đà Nẵng,0
KH00945,21.7,14903000.0,10,3,Online,Đà Nẵng,0
KH00946,9.2,14395000.0,8,1,Cửa hàng,Bình Dương,0
KH00947,16.5,17874000.0,3,1,Cửa hàng,Cần Thơ,0
KH00948,27.0,9494000.0,7,2,Cửa hàng,Hà Nội,0
KH00949,4.6,10161000.0,6,0,Online,Lâm Đồng,0
KH00950,26.2,13280000.0,5,2,Online,Đà Nẵng,0
KH00951,8.5,6963000.0,4,3,Cửa hàng,Khánh Hòa,0
KH00952,13.7,4319000.0,8,2,Online,Lâm Đồng,0
KH00953,17.2,8496000.0,4,1,Online,Lâm Đồng,0
KH00954,12.3,2572000.0,2,0,Online,Khánh Hòa,0
KH00955,11.5,2807000.0,2,3,Online,Hà Nội,0
KH00956,11.5,3103000.0,4,3,Cửa hàng,Bình Dương,0
KH00957,14.8,5511000.0,10,3,Online,Hà Nội,0
KH00958,8.9,2329000.0,6,1,Online,Bình Dương,1
KH00959,0.5,8549000.0,8,3,Cửa hàng,Đà Nẵng,0
KH00960,9.8,2998000.0,8,2,Online,Đà Nẵng,0
KH00961,13.4,1646000.0,3,1,Cửa hàng,Đồng Nai,1
KH00962,1.1,11706000.0,6,2,Online,Bình Dương,0
KH00963,0.0,6119000.0,6,2,Cửa hàng,Khánh Hòa,0
KH00964,17.1,11368000.0,6,2,Cửa hàng,Bình Dương,0
KH00965,0.7,6116000.0,4,1,Online,Đà Nẵng,0
KH00966,6.8,3101000.0,8,1,Online,Cần Thơ,0
KH00967,19.3,6150000.0,11,0,Online,TP. Hồ Chí Minh,1
KH00968,18.9,3799000.0,6,2,Cửa hàng,Bình Dương,0
KH00969,0.2,7351000.0,3,3,Online,Lâm Đồng,0
KH00970,14.3,1174000.0,4,1,Online,TP. Hồ Chí Minh,1
KH00971,10.7,3044000.0,5,3,Online,Đồng Nai,1
KH00972,17.3,14095000.0,4,0,Cửa hàng,TP. Hồ Chí Minh,0
KH00973,8.8,12576000.0,6,0,Online,Bình Dương,0
KH00974,15.6,7449000.0,3,2,Cửa hàng,TP. Hồ Chí Minh,1
KH00975,12.1,34434000.0,4,2,Online,Bình Dương,0
KH00976,19.4,10994000.0,10,1,Online,Hà Nội,0
KH00977,11.2,5293000.0,4,0,Cửa hàng,Đồng Nai,0
KH00978,23.4,5048000.0,5,0,Online,Bình Dương,0
KH00979,22.8,3381000.0,5,1,Cửa hàng,Lâm Đồng,1
KH00980,16.2,5332000.0,5,3,Online,Khánh Hòa,1
KH00981,14.4,4427000.0,8,1,Online,Hà Nội,1
KH00982,11.2,4821000.0,7,3,Online,Đồng Nai,1
KH00983,15.2,3122000.0,6,0,Online,Cần Thơ,0
KH00984,19.3,12656000.0,5,0,Cửa hàng,Cần Thơ,0
KH00985,17.8,3018000.0,9,1,Online,Đà Nẵng,0
KH00986,2.1,6383000.0,7,0,Cửa hàng,Cần Thơ,0
KH00987,23.1,4328000.0,9,1,Cửa hàng,Khánh Hòa,0
KH00988,19.4,18022000.0,2,2,Cửa hàng,Đồng Nai,0
KH00989,22.2,8211000.0,5,0,Online,Bình Dương,0
KH00990,15.4,2201000.0,8,3,Online,Bình Dương,0
KH00991,20.2,3919000.0,5,0,Cửa hàng,Hà Nội,0
KH00992,15.0,6264000.0,8,3,Online,Lâm Đồng,0
KH00993,8.6,2575000.0,3,2,Cửa hàng,Lâm Đồng,0
KH00994,2.5,12710000.0,5,3,Online,Cần Thơ,0
KH00995,8.7,5849000.0,2,1,Online,TP. Hồ Chí Minh,0
KH00996,15.1,12229000.0,11,3,Cửa hàng,Bình Dương,0
KH00997,20.8,5620000.0,8,1,Cửa hàng,Đồng Nai,0
KH00998,14.9,7697000.0,12,1,Online,Đồng Nai,0
KH00999,11.4,222000.0,9,0,Cửa hàng,Bình Dương,0
KH01000,8.8,5332000.0,8,0,Cửa hàng,Khánh Hòa,0
KH01001,11.5,4298000.0,8,3,Online,Hà Nội,1
KH01002,7.2,9856000.0,6,1,Online,Bình Dương,0
KH01003,9.3,5897000.0,6,0,Online,Đà Nẵng,0
KH01004,21.0,21830000.0,9,3,Online,Cần Thơ,0
KH01005,11.6,14536000.0,6,1,Online,Đà Nẵng,0
KH01006,20.7,4057000.0,8,1,Cửa hàng,Hà Nội,0
KH01007,7.2,3633000.0,12,2,Cửa hàng,TP. Hồ Chí Minh,0
KH01008,7.1,9052000.0,8,0,Online,Lâm Đồng,0
KH01009,3.2,14482000.0,4,1,Online,Hà Nội,0
KH01010,2.9,4046000.0,8,0,Online,Hà Nội,1
KH01011,11.0,2859000.0,9,1,Online,Hà Nội,1
KH01012,8.0,9159000.0,12,1,Cửa hàng,Bình Dương,0
KH01013,25.0,2992000.0,5,2,Cửa hàng,Đồng Nai,1
KH01014,15.6,4374000.0,8,1,Online,TP. Hồ Chí Minh,0
KH01015,10.8,12865000.0,8,1,Cửa hàng,Khánh Hòa,0
KH01016,11.0,2062000.0,7,2,Cửa hàng,Đà Nẵng,1
KH01017,25.4,14885000.0,5,0,Cửa hàng,TP. Hồ Chí Minh,0
KH01018,16.0,5344000.0,12,0,Online,Bình Dương,0
KH01019,5.1,3784000.0,5,3,Online,Cần Thơ,1
KH01020,19.3,5072000.0,7,2,Online,Khánh Hòa,0
KH01021,7.7,4618000.0,10,2,Online,Hà Nội,0
KH01022,4.3,6352000.0,11,1,Online,Đồng Nai,0
KH01023,2.3,3967000.0,5,2,Cửa hàng,Bình Dương,0
KH01024,24.3,6375000.0,8,1,Cửa hàng,Khánh Hòa,0
KH01025,8.9,11315000.0,1,1,Cửa hàng,Đồng Nai,0
KH01026,0.4,347000.0,5,2,Online,Lâm Đồng,1
KH01027,13.6,3265000.0,2,1,Online,Hà Nội,0
KH01028,20.0,21105000.0,7,2,Online,Hà Nội,0
KH01029,17.0,4144000.0,4,1,Online,TP. Hồ Chí Minh,0
KH01030,20.0,10530000.0,3,0,Online,Cần Thơ,0
KH01031,19.2,5612000.0,5,2,Cửa hàng,Đà Nẵng,0
KH01032,12.6,12383000.0,5,2,Online,Bình Dương,0
KH01033,17.0,9010000.0,7,1,Online,Đồng Nai,0
KH01034,21.9,7441000.0,9,0,Online,Bình Dương,0
KH01035,17.9,5002000.0,4,3,Online,Cần Thơ,1
KH01036,13.1,1278000.0,9,0,Cửa hàng,Khánh Hòa,0
KH01037,7.8,20327000.0,2,3,Cửa hàng,Bình Dương,0
KH01038,9.7,11339000.0,10,2,Cửa hàng,Đà Nẵng,0
KH01039,13.8,7032000.0,3,0,Cửa hàng,TP. Hồ Chí Minh,0
KH01040,23.7,2230000.0,4,0,Online,Cần Thơ,1
KH01041,5.0,9510000.0,6,3,Online,Bình Dương,0
KH01042,21.6,8897000.0,6,2,Online,Khánh Hòa,0
KH01043,15.3,14923000.0,9,1,Cửa hàng,Bình Dương,0
KH01044,1.8,6626000.0,5,1,Online,Hà Nội,0
KH01045,9.9,2240000.0,6,3,Cửa hàng,Đà Nẵng,0
KH01046,35.3,11203000.0,6,3,Online,Hà Nội,1
KH01047,16.5,12157000.0,5,2,Online,Đồng Nai,0
KH01048,3.0,4638000.0,12,3,Online,TP. Hồ Chí Minh,0
KH01049,16.3,9323000.0,4,0,Cửa hàng,Hà Nội,0
KH01050,23.4,7089000.0,3,3,Online,Lâm Đồng,1
KH01051,4.3,9222000.0,3,0,Online,Hà Nội,0
KH01052,6.7,5235000.0,5,3,Online,Lâm Đồng,0
KH01053,7.9,2390000.0,5,0,Online,Đồng Nai,0
KH01054,5.7,2477000.0,3,0,Online,TP. Hồ Chí Minh,0
KH01055,14.9,16510000.0,3,0,Online,Đồng Nai,0
KH01056,22.2,4537000.0,3,2,Online,Khánh Hòa,0
KH01057,18.7,13414000.0,6,1,Online,Hà Nội,0
KH01058,14.3,5269000.0,3,1,Online,Cần Thơ,0
KH01059,24.7,8071000.0,3,1,Cửa hàng,Đà Nẵng,1
KH01060,12.0,6758000.0,4,1,Cửa hàng,Bình Dương,0
KH01061,15.2,10940000.0,3,2,Cửa hàng,Cần Thơ,0
KH01062,26.3,7853000.0,7,1,Cửa hàng,Đồng Nai,0
KH01063,20.9,10448000.0,5,2,Online,Bình Dương,1
KH01064,12.8,8020000.0,9,0,Cửa hàng,Đà Nẵng,0
KH01065,23.4,2145000.0,5,0,Online,Đà Nẵng,0
KH01066,16.4,10166000.0,5,0,Online,Cần Thơ,0
KH01067,14.9,4693000.0,8,1,Cửa hàng,Lâm Đồng,1
KH01068,3.7,13483000.0,8,0,Cửa hàng,Đồng Nai,0
KH01069,17.7,2446000.0,5,3,Cửa hàng,Khánh Hòa,1
KH01070,14.3,9450000.0,3,2,Online,Hà Nội,0
KH01071,13.1,2174000.0,9,0,Online,Bình Dương,0
KH01072,11.2,6595000.0,7,0,Online,Đồng Nai,0
KH01073,16.2,10077000.0,5,3,Online,Đồng Nai,0
KH01074,25.9,4015000.0,4,0,Cửa hàng,Đà Nẵng,0
KH01075,3.8,7364000.0,5,1,Cửa hàng,TP. Hồ Chí Minh,0
KH01076,8.3,4360000.0,3,2,Cửa hàng,TP. Hồ Chí Minh,1
KH01077,11.1,4867000.0,8,0,Online,Khánh Hòa,0
KH01078,27.2,8909000.0,6,3,Online,Đà Nẵng,0
KH01079,18.4,5106000.0,5,1,Cửa hàng,Hà Nội,1
KH01080,8.8,8315000.0,5,1,Online,Hà Nội,0
KH01081,7.5,2190000.0,7,2,Cửa hàng,Khánh Hòa,0
KH01082,6.5,6676000.0,5,3,Cửa hàng,Đà Nẵng,0
KH01083,13.9,8702000.0,9,3,Online,Cần Thơ,1
KH01084,5.9,806000.0,5,1,Online,Lâm Đồng,0
KH01085,21.1,14443000.0,6,1,Online,Đồng Nai,0
KH01086,17.2,10050000.0,5,2,Online,Đà Nẵng,0
KH01087,21.6,9917000.0,8,1,Online,Hà Nội,0
KH01088,11.5,5258000.0,2,1,Online,Bình Dương,0
KH01089,22.2,4848000.0,6,2,Online,Cần Thơ,0
KH01090,20.8,8760000.0,7,2,Online,Lâm Đồng,0
KH01091,11.6,6717000.0,7,3,Cửa hàng,Lâm Đồng,0
KH01092,15.6,6952000.0,6,3,Cửa hàng,Khánh Hòa,0
KH01093,11.3,5097000.0,5,2,Online,Đà Nẵng,0
KH01094,11.5,34193000.0,5,1,Online,Bình Dương,0
KH01095,16.4,2239000.0,6,0,Cửa hàng,Cần Thơ,0
KH01096,26.4,9860000.0,3,3,Online,Cần Thơ,1
KH01097,14.6,8060000.0,6,0,Online,Khánh Hòa,0
KH01098,5.9,23622000.0,5,2,Online,Cần Thơ,0
KH01099,25.8,4301000.0,6,3,Online,Khánh Hòa,1
KH01100,17.7,9026000.0,4,3,Online,Bình Dương,0
KH01101,15.4,911000.0,4,1,Online,Lâm Đồng,0
KH01102,17.9,5892000.0,14,3,Cửa hàng,Khánh Hòa,0
KH01103,6.6,15057000.0,9,1,Cửa hàng,TP. Hồ Chí Minh,0
KH01104,11.0,5274000.0,3,0,Online,Khánh Hòa,1
KH01105,12.6,1826000.0,4,0,Online,TP. Hồ Chí Minh,0
KH01106,17.9,2798000.0,7,0,Online,Khánh Hòa,0
KH01107,0.0,4423000.0,6,1,Online,Đồng Nai,0
KH01108,8.1,9820000.0,8,1,Cửa hàng,Đà Nẵng,0
KH01109,1.1,10657000.0,9,0,Online,Bình Dương,0
KH01110,21.1,7103000.0,6,1,Cửa hàng,Hà Nội,0
KH01111,8.2,9825000.0,11,0,Online,Hà Nội,0
KH01112,12.2,5337000.0,19,3,Online,Đồng Nai,0
KH01113,10.4,4496000.0,2,0,Cửa hàng,Lâm Đồng,0
KH01114,10.1,1584000.0,5,0,Cửa hàng,Hà Nội,0
KH01115,17.7,1349000.0,4,3,Online,Khánh Hòa,0
KH01116,5.8,27018000.0,7,3,Cửa hàng,Khánh Hòa,0
KH01117,11.6,7774000.0,5,0,Online,TP. Hồ Chí Minh,0
KH01118,2.5,11944000.0,3,1,Online,Hà Nội,0
KH01119,10.1,5757000.0,7,2,Cửa hàng,TP. Hồ Chí Minh,0
KH01120,14.4,3493000.0,5,0,Online,Đồng Nai,1
KH01121,16.4,9814000.0,12,3,Cửa hàng,Hà Nội,1
KH01122,27.7,2933000.0,8,0,Online,Đồng Nai,0
KH01123,16.1,2351000.0,5,3,Cửa hàng,Đồng Nai,1
KH01124,14.3,7036000.0,5,0,Cửa hàng,Hà Nội,0
KH01125,16.0,2165000.0,3,1,Online,Khánh Hòa,0
KH01126,12.8,3546000.0,6,0,Online,Hà Nội,1
KH01127,4.4,4401000.0,11,1,Cửa hàng,Hà Nội,1
KH01128,12.0,4809000.0,8,1,Online,Lâm Đồng,0
KH01129,7.4,18676000.0,10,0,Online,Đồng Nai,0
KH01130,16.9,2086000.0,8,1,Cửa hàng,TP. Hồ Chí Minh,1
KH01131,12.4,10695000.0,5,1,Online,Lâm Đồng,0
KH01132,15.3,7483000.0,5,3,Online,Khánh Hòa,0
KH01133,5.1,3060000.0,6,3,Cửa hàng,Bình Dương,1
KH01134,8.4,4716000.0,5,0,Online,Đà Nẵng,0
KH01135,5.0,5530000.0,4,3,Online,Đà Nẵng,0
KH01136,12.6,9613000.0,5,3,Cửa hàng,TP. Hồ Chí Minh,0
KH01137,2.6,11202000.0,8,2,Cửa hàng,Đà Nẵng,0
KH01138,0.7,12463000.0,5,0,Cửa hàng,Cần Thơ,0
KH01139,12.2,3604000.0,6,2,Cửa hàng,Khánh Hòa,1
KH01140,9.4,12716000.0,10,2,Online,Cần Thơ,0
KH01141,18.2,11176000.0,5,1,Online,Đồng Nai,0
KH01142,22.4,10893000.0,6,3,Online,Khánh Hòa,1
KH01143,14.0,7616000.0,4,0,Cửa hàng,Đà Nẵng,0
KH01144,11.1,9203000.0,7,3,Cửa hàng,Đồng Nai,0
KH01145,1.5,1953000.0,8,0,Online,Lâm Đồng,0
KH01146,7.3,2867000.0,0,2,Cửa hàng,Đồng Nai,0
KH01147,19.8,17930000.0,3,0,Cửa hàng,Cần Thơ,0
KH01148,26.9,10888000.0,6,2,Cửa hàng,Bình Dương,0
KH01149,21.7,5208000.0,7,2,Online,TP. Hồ Chí Minh,0
KH01150,6.7,3784000.0,13,1,Online,Đà Nẵng,0
KH01151,11.8,4763000.0,9,0,Online,Đà Nẵng,0
KH01152,23.6,9406000.0,5,1,Cửa hàng,TP. Hồ Chí Minh,0
KH01153,12.3,5652000.0,11,3,Cửa hàng,Đồng Nai,0
KH01154,19.2,2324000.0,5,2,Online,Lâm Đồng,1
KH01155,18.8,6095000.0,6,3,Online,Lâm Đồng,1
KH01156,8.7,2589000.0,6,3,Cửa hàng,Lâm Đồng,0
KH01157,12.4,4835000.0,9,1,Online,Bình Dương,0
KH01158,13.0,9292000.0,8,3,Online,Cần Thơ,0
KH01159,18.2,3376000.0,9,3,Cửa hàng,TP. Hồ Chí Minh,0
KH01160,4.7,1970000.0,4,1,Online,Cần Thơ,0
KH01161,20.2,2742000.0,5,3,Cửa hàng,Lâm Đồng,0
KH01162,13.9,12224000.0,8,0,Cửa hàng,TP. Hồ Chí Minh,0
KH01163,16.1,10230000.0,5,3,Cửa hàng,Cần Thơ,1
KH01164,22.2,10603000.0,7,2,Cửa hàng,Lâm Đồng,1
KH01165,11.9,6214000.0,8,3,Online,Cần Thơ,1
KH01166,20.4,9247000.0,8,2,Online,Bình Dương,0
KH01167,27.7,3663000.0,4,2,Online,Khánh Hòa,0
KH01168,17.1,2072000.0,5,2,Online,Bình Dương,1
KH01169,21.6,5028000.0,9,3,Online,Hà Nội,1
KH01170,23.3,4081000.0,5,1,Cửa hàng,Cần Thơ,0
KH01171,5.6,10648000.0,5,1,Cửa hàng,Hà Nội,0
KH01172,26.9,6847000.0,8,3,Cửa hàng,Đồng Nai,0
KH01173,10.2,7960000.0,5,0,Online,Hà Nội,1
KH01174,21.4,16600000.0,3,0,Cửa hàng,Cần Thơ,0
KH01175,11.4,6278000.0,6,3,Online,Đà Nẵng,0
KH01176,22.9,9081000.0,3,1,Online,Đồng Nai,0
KH01177,5.4,3768000.0,8,3,Online,Hà Nội,0
KH01178,8.4,15630000.0,6,1,Online,Đà Nẵng,0
KH01179,10.4,4240000.0,8,1,Cửa hàng,Đồng Nai,0
KH01180,26.8,3409000.0,5,1,Online,Đà Nẵng,0
KH01181,24.6,8186000.0,11,1,Online,Lâm Đồng,0
KH01182,24.6,10509000.0,10,1,Online,Khánh Hòa,0
KH01183,13.8,2461000.0,11,0,Online,Đà Nẵng,0
KH01184,14.7,3375000.0,6,3,Cửa hàng,Cần Thơ,0
KH01185,20.6,3217000.0,9,1,Cửa hàng,Cần Thơ,0
KH01186,7.0,8023000.0,4,1,Online,Hà Nội,0
KH01187,14.7,3482000.0,5,2,Cửa hàng,Cần Thơ,0
KH01188,4.9,12131000.0,5,0,Cửa hàng,Bình Dương,0
KH01189,10.3,3352000.0,5,0,Cửa hàng,Đà Nẵng,0
KH01190,9.7,7718000.0,7,2,Online,Hà Nội,0
KH01191,22.2,11452000.0,5,1,Cửa hàng,Bình Dương,1
KH01192,7.0,4426000.0,5,2,Online,Đồng Nai,0
KH01193,18.4,9136000.0,6,2,Online,Đồng Nai,0
KH01194,12.1,8193000.0,9,2,Cửa hàng,TP. Hồ Chí Minh,0
KH01195,14.0,5884000.0,8,2,Online,Hà Nội,0
KH01196,24.8,1362000.0,3,3,Online,Đà Nẵng,1
KH01197,12.9,3184000.0,11,0,Online,Đà Nẵng,1
KH01198,15.1,8269000.0,6,2,Online,Hà Nội,0
KH01199,23.6,2988000.0,5,2,Online,Hà Nội,1
KH01200,11.8,13012000.0,7,3,Online,Cần Thơ,0
KH01201,15.3,3781000.0,3,1,Cửa hàng,Lâm Đồng,1
KH01202,6.4,4405000.0,11,1,Online,Đồng Nai,0
KH01203,12.6,8226000.0,10,3,Cửa hàng,Đồng Nai,0
KH01204,15.7,3834000.0,4,3,Cửa hàng,Bình Dương,0
KH01205,15.9,9552000.0,11,1,Cửa hàng,Khánh Hòa,0
KH01206,14.9,14414000.0,6,3,Online,Hà Nội,0
KH01207,20.2,21216000.0,5,0,Online,TP. Hồ Chí Minh,0
KH01208,18.1,12465000.0,7,3,Cửa hàng,Cần Thơ,0
KH01209,13.0,5978000.0,8,1,Online,Khánh Hòa,1
KH01210,13.0,4548000.0,6,2,Cửa hàng,Hà Nội,1
KH01211,18.8,4093000.0,3,0,Online,Cần Thơ,0
KH01212,3.3,10495000.0,4,2,Online,Đồng Nai,0
KH01213,19.5,11049000.0,4,1,Online,Hà Nội,0
KH01214,3.1,10211000.0,4,1,Cửa hàng,Lâm Đồng,0
KH01215,10.4,6049000.0,6,1,Online,Bình Dương,1
KH01216,18.4,3789000.0,8,2,Online,Bình Dương,0
KH01217,14.6,9203000.0,10,1,Cửa hàng,Đà Nẵng,0
KH01218,13.4,4969000.0,4,0,Online,Đà Nẵng,0
KH01219,16.8,11029000.0,4,3,Cửa hàng,Lâm Đồng,0
KH01220,26.0,7751000.0,4,2,Cửa hàng,Lâm Đồng,1
KH01221,23.5,4478000.0,5,1,Cửa hàng,Hà Nội,1
KH01222,17.3,9312000.0,7,2,Online,Bình Dương,1
KH01223,13.7,2995000.0,8,2,Online,Lâm Đồng,1
KH01224,4.0,1585000.0,3,0,Online,Lâm Đồng,0
KH01225,11.6,648000.0,3,3,Cửa hàng,Lâm Đồng,1
KH01226,0.0,5205000.0,4,1,Online,Bình Dương,0
KH01227,17.4,7348000.0,5,1,Online,Cần Thơ,0
KH01228,14.5,8926000.0,7,2,Online,Khánh Hòa,0
KH01229,17.9,10370000.0,9,3,Online,Lâm Đồng,1
KH01230,0.0,18538000.0,1,0,Online,Đà Nẵng,0
KH01231,11.3,4274000.0,3,0,Cửa hàng,Lâm Đồng,0
KH01232,5.7,8939000.0,5,2,Cửa hàng,Đà Nẵng,0
KH01233,15.7,10187000.0,12,0,Cửa hàng,Bình Dương,0
KH01234,11.7,6788000.0,7,2,Online,Đồng Nai,1
KH01235,20.8,2711000.0,6,3,Online,TP. Hồ Chí Minh,0
KH01236,16.6,8964000.0,2,3,Cửa hàng,Đà Nẵng,0
KH01237,8.5,7589000.0,3,2,Cửa hàng,TP. Hồ Chí Minh,0
KH01238,18.2,11718000.0,3,2,Online,Lâm Đồng,0
KH01239,9.3,6149000.0,8,3,Online,Bình Dương,0
KH01240,9.6,10063000.0,6,2,Online,Lâm Đồng,0
KH01241,0.0,17001000.0,6,3,Cửa hàng,Khánh Hòa,0
KH01242,25.3,10421000.0,9,2,Online,Đồng Nai,0
KH01243,13.9,13287000.0,9,3,Online,TP. Hồ Chí Minh,0
KH01244,14.2,11389000.0,5,0,Online,Khánh Hòa,0
KH01245,10.4,4657000.0,2,3,Cửa hàng,Khánh Hòa,0
KH01246,15.2,14837000.0,3,0,Online,TP. Hồ Chí Minh,0
KH01247,15.3,4879000.0,4,0,Online,Bình Dương,1
KH01248,16.9,7398000.0,7,3,Online,Đồng Nai,1
KH01249,10.5,524000.0,6,3,Online,Cần Thơ,1
KH01250,13.4,6179000.0,7,1,Online,Cần Thơ,0
KH01251,19.0,3585000.0,8,0,Online,TP. Hồ Chí Minh,0
KH01252,19.8,878000.0,2,0,Online,Khánh Hòa,0
KH01253,4.3,10237000.0,7,0,Online,Bình Dương,0
KH01254,10.3,10823000.0,11,2,Online,Lâm Đồng,0
KH01255,5.0,8253000.0,6,3,Online,Lâm Đồng,0
KH01256,24.6,7458000.0,3,0,Online,Lâm Đồng,0
KH01257,16.1,1843000.0,3,3,Online,Đà Nẵng,0
KH01258,2.6,8121000.0,5,3,Online,Khánh Hòa,0
KH01259,21.4,9966000.0,3,1,Cửa hàng,TP. Hồ Chí Minh,0
KH01260,7.0,7249000.0,3,3,Online,Bình Dương,0
KH01261,22.0,4096000.0,7,3,Online,Lâm Đồng,0
KH01262,12.3,10815000.0,5,0,Online,Đồng Nai,0
KH01263,14.4,3365000.0,9,3,Online,Khánh Hòa,1
KH01264,14.7,11872000.0,3,3,Online,Cần Thơ,0
KH01265,5.7,9662000.0,5,2,Online,Cần Thơ,0
KH01266,10.2,6008000.0,3,0,Online,Hà Nội,1
KH01267,22.8,11253000.0,2,3,Online,Đà Nẵng,0
KH01268,31.7,7508000.0,7,1,Online,Bình Dương,1
KH01269,5.5,14852000.0,5,0,Cửa hàng,Khánh Hòa,0
KH01270,13.2,5841000.0,8,1,Online,Đà Nẵng,1
KH01271,23.1,3360000.0,10,0,Online,Khánh Hòa,1
KH01272,7.3,13034000.0,5,2,Cửa hàng,Cần Thơ,0
KH01273,19.0,6692000.0,7,3,Online,Đồng Nai,0
KH01274,14.6,4529000.0,7,3,Online,TP. Hồ Chí Minh,0
KH01275,17.9,6054000.0,7,2,Online,Khánh Hòa,0
KH01276,18.1,7565000.0,5,0,Online,TP. Hồ Chí Minh,0
KH01277,5.2,5873000.0,5,1,Cửa hàng,TP. Hồ Chí Minh,0
KH01278,15.0,11491000.0,9,0,Online,Đà Nẵng,0
KH01279,28.5,14868000.0,3,3,Online,Hà Nội,1
KH01280,11.9,8562000.0,2,0,Online,Cần Thơ,0
KH01281,16.7,7627000.0,6,0,Online,TP. Hồ Chí Minh,0
KH01282,9.6,5920000.0,9,3,Cửa hàng,Hà Nội,0
KH01283,10.4,7966000.0,3,1,Online,Đà Nẵng,0
KH01284,11.9,4202000.0,5,1,Online,Cần Thơ,0
KH01285,3.6,9166000.0,8,1,Online,Đà Nẵng,0
KH01286,5.8,6405000.0,6,1,Online,Lâm Đồng,0
KH01287,12.5,2305000.0,3,0,Cửa hàng,Đồng Nai,0
KH01288,27.8,8355000.0,4,2,Cửa hàng,TP. Hồ Chí Minh,0
KH01289,17.4,13430000.0,11,0,Online,Đà Nẵng,0
KH01290,17.1,5304000.0,4,3,Online,Đồng Nai,1
KH01291,18.1,6862000.0,5,1,Online,Lâm Đồng,0
KH01292,11.7,6271000.0,3,2,Online,Bình Dương,0
KH01293,7.8,7034000.0,6,0,Online,Hà Nội,0
KH01294,15.2,3585000.0,6,2,Online,Hà Nội,0
KH01295,21.8,13199000.0,11,2,Cửa hàng,Cần Thơ,0
KH01296,14.3,3902000.0,4,3,Online,Khánh Hòa,1
KH01297,14.5,10196000.0,6,3,Cửa hàng,Đồng Nai,0
KH01298,13.4,2976000.0,5,3,Online,Đà Nẵng,1
KH01299,20.3,3700000.0,9,0,Cửa hàng,Đồng Nai,0
KH01300,13.9,3942000.0,5,2,Cửa hàng,Khánh Hòa,0
KH01301,3.8,6198000.0,9,0,Online,Đà Nẵng,0
KH01302,6.0,14584000.0,6,0,Online,Bình Dương,0
KH01303,13.7,15586000.0,2,2,Online,Hà Nội,0
KH01304,7.5,8282000.0,7,2,Online,TP. Hồ Chí Minh,0
KH01305,1.0,10138000.0,4,3,Online,Lâm Đồng,1
KH01306,14.2,6243000.0,5,1,Online,Khánh Hòa,0
KH01307,14.1,7580000.0,5,3,Online,Đà Nẵng,1
KH01308,14.7,1537000.0,8,0,Online,Lâm Đồng,1
KH01309,4.9,2983000.0,6,0,Online,Hà Nội,0
KH01310,15.4,18601000.0,10,1,Online,Lâm Đồng,0
KH01311,22.7,4973000.0,3,0,Online,Cần Thơ,0
KH01312,10.7,14712000.0,6,1,Cửa hàng,TP. Hồ Chí Minh,0
KH01313,17.0,3968000.0,6,1,Online,Khánh Hòa,1
KH01314,29.4,3835000.0,3,2,Online,Bình Dương,1
KH01315,9.5,5762000.0,5,2,Cửa hàng,Bình Dương,0
KH01316,5.6,9375000.0,8,0,Online,Đồng Nai,0
KH01317,14.3,7515000.0,12,0,Cửa hàng,Bình Dương,0
KH01318,13.0,4730000.0,3,2,Online,Cần Thơ,0
KH01319,18.4,4928000.0,4,3,Cửa hàng,Lâm Đồng,0
KH01320,12.5,12448000.0,5,1,Online,Khánh Hòa,0
KH01321,11.8,11758000.0,6,0,Cửa hàng,TP. Hồ Chí Minh,0
KH01322,13.3,6120000.0,6,1,Cửa hàng,Hà Nội,1
KH01323,15.5,2923000.0,6,1,Online,TP. Hồ Chí Minh,0
KH01324,22.8,18650000.0,4,3,Cửa hàng,Hà Nội,1
KH01325,8.6,1850000.0,5,3,Cửa hàng,Khánh Hòa,0
KH01326,10.5,2344000.0,6,3,Cửa hàng,TP. Hồ Chí Minh,1
KH01327,12.1,3664000.0,11,3,Online,Khánh Hòa,1
KH01328,31.7,14172000.0,5,0,Cửa hàng,Hà Nội,0
KH01329,9.5,12176000.0,6,3,Cửa hàng,Đồng Nai,1
KH01330,6.4,14499000.0,5,0,Online,Hà Nội,0
KH01331,19.6,5928000.0,7,3,Cửa hàng,Khánh Hòa,0
KH01332,22.3,8956000.0,4,1,Online,Khánh Hòa,0
KH01333,19.1,13983000.0,8,0,Online,Khánh Hòa,0
KH01334,26.1,12219000.0,3,3,Cửa hàng,Đà Nẵng,1
KH01335,17.8,7149000.0,3,3,Online,Hà Nội,0
KH01336,9.7,5991000.0,3,1,Cửa hàng,Đồng Nai,0
KH01337,16.9,10023000.0,4,0,Cửa hàng,Bình Dương,0
KH01338,18.4,14513000.0,9,2,Online,Cần Thơ,0
KH01339,19.1,15591000.0,6,0,Online,Khánh Hòa,0
KH01340,0.7,7921000.0,9,3,Cửa hàng,Khánh Hòa,0
KH01341,4.8,1343000.0,4,2,Online,Hà Nội,1
KH01342,16.3,7855000.0,2,1,Cửa hàng,Cần Thơ,0
KH01343,13.3,9707000.0,3,1,Cửa hàng,Cần Thơ,0
KH01344,8.3,12739000.0,4,3,Online,Lâm Đồng,0
KH01345,4.1,19072000.0,10,0,Cửa hàng,Đồng Nai,0
KH01346,22.9,7757000.0,5,1,Cửa hàng,Lâm Đồng,0
KH01347,8.6,6826000.0,4,3,Online,Hà Nội,0
KH01348,8.1,16281000.0,4,3,Online,Cần Thơ,0
KH01349,30.5,7259000.0,7,2,Online,Đà Nẵng,0
KH01350,18.0,8263000.0,7,2,Online,Hà Nội,0
KH01351,20.9,6518000.0,7,2,Cửa hàng,Khánh Hòa,0
KH01352,11.1,6504000.0,10,1,Cửa hàng,Đà Nẵng,0
KH01353,15.8,14047000.0,7,0,Online,Đồng Nai,1
KH01354,14.1,9086000.0,2,0,Online,Khánh Hòa,0
KH01355,9.2,6163000.0,8,1,Online,Khánh Hòa,0
KH01356,18.9,10758000.0,8,3,Online,TP. Hồ Chí Minh,0
KH01357,10.4,16350000.0,3,2,Online,Lâm Đồng,0
KH01358,22.6,5514000.0,5,3,Online,Đồng Nai,0
KH01359,16.8,3166000.0,9,3,Online,TP. Hồ Chí Minh,0
KH01360,13.3,2312000.0,4,1,Online,Cần Thơ,1
KH01361,14.5,13478000.0,8,0,Cửa hàng,Cần Thơ,0
KH01362,29.4,13238000.0,2,1,Cửa hàng,Khánh Hòa,0
KH01363,22.1,9273000.0,7,1,Online,Khánh Hòa,0
KH01364,8.1,7092000.0,7,1,Cửa hàng,TP. Hồ Chí Minh,0
KH01365,21.1,7666000.0,4,3,Cửa hàng,Cần Thơ,0
KH01366,14.5,19315000.0,4,0,Online,Đồng Nai,0
KH01367,9.3,4917000.0,4,0,Cửa hàng,Đà Nẵng,0
KH01368,14.9,2698000.0,10,1,Cửa hàng,Bình Dương,0
KH01369,14.2,8551000.0,9,0,Online,Đà Nẵng,0
KH01370,13.8,12228000.0,5,1,Cửa hàng,TP. Hồ Chí Minh,0
KH01371,15.6,6783000.0,4,0,Cửa hàng,Khánh Hòa,0
KH01372,0.0,3416000.0,2,2,Online,Lâm Đồng,0
KH01373,11.7,4692000.0,5,2,Online,Bình Dương,0
KH01374,16.4,28424000.0,2,1,Online,Cần Thơ,0
KH01375,15.5,8438000.0,4,0,Online,Bình Dương,0
KH01376,10.8,3355000.0,2,3,Online,Hà Nội,0
KH01377,18.5,10554000.0,11,1,Cửa hàng,TP. Hồ Chí Minh,0
KH01378,2.9,10091000.0,4,0,Cửa hàng,Khánh Hòa,0
KH01379,14.4,12352000.0,8,3,Online,Khánh Hòa,0
KH01380,18.3,11968000.0,6,0,Online,Khánh Hòa,0
KH01381,6.6,2603000.0,7,1,Cửa hàng,Đà Nẵng,0
KH01382,23.6,12062000.0,2,0,Online,Lâm Đồng,0
KH01383,8.9,12877000.0,3,3,Cửa hàng,Cần Thơ,0
KH01384,11.5,6130000.0,5,1,Cửa hàng,Đà Nẵng,0
KH01385,8.5,9891000.0,7,1,Cửa hàng,Đồng Nai,0
KH01386,23.5,5049000.0,5,0,Online,TP. Hồ Chí Minh,1
KH01387,11.0,12614000.0,3,3,Cửa hàng,TP. Hồ Chí Minh,0
KH01388,12.8,9667000.0,6,3,Online,Đồng Nai,1
KH01389,9.3,13681000.0,10,2,Cửa hàng,Lâm Đồng,0
KH01390,24.2,4686000.0,3,2,Cửa hàng,Hà Nội,0
KH01391,4.0,17354000.0,6,2,Online,Bình Dương,0
KH01392,15.4,3450000.0,3,2,Online,TP. Hồ Chí Minh,1
KH01393,5.3,13335000.0,5,2,Cửa hàng,TP. Hồ Chí Minh,0
KH01394,19.2,6573000.0,3,3,Cửa hàng,Khánh Hòa,0
KH01395,2.9,11931000.0,6,3,Cửa hàng,TP. Hồ Chí Minh,0
KH01396,10.8,18844000.0,9,2,Online,Hà Nội,0
KH01397,19.5,12334000.0,7,1,Online,Bình Dương,0
KH01398,20.3,5608000.0,5,1,Online,Cần Thơ,1
KH01399,10.2,2896000.0,4,1,Online,Đà Nẵng,0
KH01400,20.7,7967000.0,2,3,Cửa hàng,Hà Nội,0
KH01401,18.4,4521000.0,2,3,Online,Bình Dương,1
KH01402,15.8,6016000.0,9,0,Online,Lâm Đồng,0
KH01403,0.0,2474000.0,2,2,Online,Đà Nẵng,1
KH01404,12.9,15876000.0,3,2,Cửa hàng,Lâm Đồng,0
KH01405,7.7,13761000.0,5,3,Online,Bình Dương,0
KH01406,0.0,13121000.0,6,3,Online,TP. Hồ Chí Minh,0
KH01407,15.3,9714000.0,6,0,Online,Đà Nẵng,0
KH01408,15.9,3372000.0,7,1,Online,Khánh Hòa,0
KH01409,22.0,7680000.0,7,0,Online,Bình Dương,0
KH01410,10.7,6883000.0,5,2,Cửa hàng,Khánh Hòa,0
KH01411,20.7,4759000.0,1,3,Online,Bình Dương,0
KH01412,20.6,20704000.0,8,0,Online,Đồng Nai,0
KH01413,18.8,3739000.0,3,1,Cửa hàng,Đà Nẵng,0
KH01414,12.7,16169000.0,9,0,Cửa hàng,Hà Nội,0
KH01415,18.3,3235000.0,4,1,Online,Đà Nẵng,1
KH01416,7.0,6036000.0,6,1,Online,Đà Nẵng,0
KH01417,7.6,8110000.0,7,3,Online,Bình Dương,0
KH01418,24.2,2833000.0,11,2,Online,Khánh Hòa,0
KH01419,30.5,2037000.0,5,1,Online,Khánh Hòa,0
KH01420,15.8,3547000.0,7,3,Online,Khánh Hòa,0
KH01421,8.6,4579000.0,2,1,Cửa hàng,TP. Hồ Chí Minh,0
KH01422,21.6,13230000.0,9,2,Cửa hàng,Cần Thơ,0
KH01423,3.6,3335000.0,3,3,Online,Hà Nội,0
KH01424,21.9,6265000.0,13,2,Cửa hàng,Bình Dương,1
KH01425,25.4,11174000.0,5,2,Online,Hà Nội,0
KH01426,9.1,7860000.0,7,0,Cửa hàng,Bình Dương,0
KH01427,16.7,5646000.0,4,2,Online,Lâm Đồng,1
KH01428,8.3,10281000.0,7,3,Cửa hàng,Khánh Hòa,0
KH01429,24.5,7271000.0,11,2,Online,Đà Nẵng,0
KH01430,14.5,2369000.0,6,0,Online,TP. Hồ Chí Minh,1
KH01431,10.0,14634000.0,2,0,Cửa hàng,Khánh Hòa,0
KH01432,10.4,11745000.0,11,2,Cửa hàng,Hà Nội,0
KH01433,12.3,9429000.0,10,2,Online,Đồng Nai,0
KH01434,23.6,3346000.0,6,0,Cửa hàng,Hà Nội,0
KH01435,16.6,8132000.0,3,0,Online,Đà Nẵng,0
KH01436,18.9,7814000.0,6,1,Online,Bình Dương,0
KH01437,15.2,5403000.0,5,0,Cửa hàng,Lâm Đồng,0
KH01438,5.5,29058000.0,8,2,Online,Khánh Hòa,0
KH01439,6.9,2814000.0,6,1,Cửa hàng,Bình Dương,0
KH01440,17.5,6585000.0,6,3,Cửa hàng,TP. Hồ Chí Minh,0
KH01441,5.3,9599000.0,11,2,Cửa hàng,Cần Thơ,0
KH01442,12.6,6697000.0,13,2,Cửa hàng,Lâm Đồng,0
KH01443,19.9,5688000.0,9,2,Online,Hà Nội,0
KH01444,18.8,7191000.0,6,2,Online,Khánh Hòa,0
KH01445,1.6,4395000.0,6,1,Cửa hàng,Khánh Hòa,0
KH01446,17.0,2158000.0,4,0,Cửa hàng,Đồng Nai,0
KH01447,9.7,18595000.0,5,2,Cửa hàng,TP. Hồ Chí Minh,0
KH01448,16.3,18091000.0,6,0,Online,TP. Hồ Chí Minh,0
KH01449,16.0,7196000.0,3,0,Online,Khánh Hòa,0
KH01450,18.0,10995000.0,3,3,Cửa hàng,Lâm Đồng,0
KH01451,9.4,5955000.0,3,3,Cửa hàng,TP. Hồ Chí Minh,0
KH01452,9.1,8732000.0,5,0,Online,TP. Hồ Chí Minh,0
KH01453,18.7,10105000.0,5,3,Cửa hàng,Đồng Nai,0
KH01454,18.9,3159000.0,4,0,Cửa hàng,Bình Dương,0
KH01455,18.1,8232000.0,4,2,Cửa hàng,Đà Nẵng,0
KH01456,22.2,5363000.0,8,1,Online,Cần Thơ,0
KH01457,19.0,9585000.0,7,3,Online,TP. Hồ Chí Minh,1
KH01458,12.1,6287000.0,4,1,Online,Cần Thơ,0
KH01459,10.0,8256000.0,8,1,Cửa hàng,Đồng Nai,0
KH01460,16.1,4690000.0,12,3,Online,Đà Nẵng,0
KH01461,19.7,13822000.0,10,1,Online,Đồng Nai,0
KH01462,30.7,7705000.0,8,3,Online,Hà Nội,1
KH01463,13.4,13091000.0,7,0,Online,Đà Nẵng,0
KH01464,21.7,13640000.0,10,2,Cửa hàng,Đồng Nai,1
KH01465,29.9,4750000.0,6,3,Online,TP. Hồ Chí Minh,0
KH01466,2.5,12031000.0,5,0,Cửa hàng,Cần Thơ,0
KH01467,15.6,6957000.0,7,3,Cửa hàng,Đồng Nai,1
KH01468,23.8,5002000.0,2,1,Cửa hàng,Đà Nẵng,0
KH01469,18.9,7771000.0,9,2,Online,Khánh Hòa,0
KH01470,27.0,4023000.0,6,3,Cửa hàng,Đồng Nai,0
KH01471,11.0,1631000.0,4,2,Cửa hàng,TP. Hồ Chí Minh,1
KH01472,18.3,2491000.0,6,2,Online,TP. Hồ Chí Minh,1
KH01473,21.9,4788000.0,10,0,Online,Cần Thơ,0
KH01474,4.4,5817000.0,6,0,Cửa hàng,Hà Nội,0
KH01475,17.5,9404000.0,6,3,Online,Hà Nội,0
KH01476,3.6,7040000.0,7,2,Online,Cần Thơ,0
KH01477,13.8,8097000.0,8,0,Online,Hà Nội,0
KH01478,12.7,5889000.0,8,2,Online,Cần Thơ,0
KH01479,12.6,3133000.0,3,0,Cửa hàng,Bình Dương,0
KH01480,14.8,2626000.0,6,1,Cửa hàng,Lâm Đồng,0
KH01481,16.6,4716000.0,5,0,Online,Đồng Nai,1
KH01482,7.0,4265000.0,4,0,Cửa hàng,Lâm Đồng,0
KH01483,9.6,13951000.0,8,3,Online,Lâm Đồng,0
KH01484,16.6,9404000.0,5,0,Cửa hàng,Đà Nẵng,0
KH01485,2.1,14150000.0,7,3,Online,Khánh Hòa,0
KH01486,10.3,5766000.0,5,1,Online,Đồng Nai,0
KH01487,4.5,6732000.0,8,3,Cửa hàng,Đà Nẵng,0
KH01488,8.3,8815000.0,5,1,Online,Bình Dương,0
KH01489,17.0,5276000.0,6,3,Online,Đà Nẵng,0
KH01490,6.4,6692000.0,6,1,Cửa hàng,Lâm Đồng,0
KH01491,6.3,5712000.0,7,1,Online,Cần Thơ,0
KH01492,18.6,5992000.0,8,0,Cửa hàng,Lâm Đồng,0
KH01493,16.8,5366000.0,7,2,Online,Hà Nội,0
KH01494,6.6,4962000.0,10,1,Cửa hàng,Cần Thơ,0
KH01495,22.2,24609000.0,4,0,Online,Đồng Nai,0
KH01496,13.7,4078000.0,9,3,Online,Hà Nội,0
KH01497,9.7,7911000.0,5,0,Online,Đà Nẵng,0
KH01498,16.5,7120000.0,9,1,Online,Khánh Hòa,0
KH01499,0.5,3469000.0,5,3,Online,TP. Hồ Chí Minh,0
KH01500,11.3,11967000.0,6,0,Cửa hàng,Khánh Hòa,0
